,CustomerNo,Recency,Frequency,Monetary Value,Label
12,12057.0,4,3,4,Potential
31,12130.0,5,5,5,High Value
40,12174.0,5,5,5,High Value
41,12185.0,4,4,4,Loyal
62,12256.0,4,4,4,Loyal
68,12309.0,5,5,5,High Value
95,12352.0,4,4,4,Loyal
96,12352.0,4,4,4,Loyal
143,12367.0,5,5,5,High Value
149,12371.0,4,4,4,Loyal
150,12372.0,4,4,4,Loyal
155,12374.0,5,5,5,High Value
156,12375.0,5,5,5,High Value
157,12375.0,5,5,5,High Value
172,12381.0,4,4,4,Loyal
180,12384.0,5,5,5,High Value
194,12393.0,4,4,4,Loyal
251,12412.0,4,4,4,Loyal
261,12414.0,1,3,3,At Risk
262,12415.0,5,1,1,New
263,12415.0,5,1,1,New
264,12415.0,5,1,1,New
275,12415.0,1,1,1,Lost
276,12415.0,1,1,1,Lost
277,12415.0,1,1,1,Lost
287,12417.0,1,3,3,At Risk
288,12417.0,1,3,3,At Risk
289,12417.0,1,3,3,At Risk
308,12423.0,1,3,3,At Risk
309,12423.0,1,3,3,At Risk
334,12430.0,5,5,5,High Value
354,12433.0,5,1,1,New
355,12433.0,5,1,1,New
356,12433.0,5,1,1,New
358,12433.0,1,1,1,Lost
359,12433.0,1,1,1,Lost
360,12434.0,4,4,4,Loyal
386,12442.0,5,5,5,High Value
393,12445.0,5,5,5,High Value
396,12448.0,5,5,5,High Value
403,12451.0,5,1,1,New
404,12451.0,5,1,1,New
408,12451.0,1,1,1,Lost
409,12451.0,1,1,1,Lost
410,12452.0,5,5,5,High Value
423,12457.0,4,4,4,Loyal
424,12457.0,4,4,4,Loyal
425,12457.0,4,4,4,Loyal
426,12457.0,4,4,4,Loyal
441,12463.0,4,4,4,Loyal
442,12463.0,4,4,4,Loyal
447,12464.0,5,5,5,High Value
448,12464.0,5,5,5,High Value
462,12471.0,5,1,1,New
463,12471.0,5,1,1,New
464,12471.0,5,1,1,New
465,12471.0,5,1,1,New
466,12471.0,5,1,1,New
467,12471.0,5,1,1,New
468,12471.0,5,1,1,New
469,12471.0,5,1,1,New
486,12471.0,1,1,1,Lost
487,12471.0,1,1,1,Lost
488,12471.0,1,1,1,Lost
489,12471.0,1,1,1,Lost
490,12471.0,1,1,1,Lost
491,12471.0,1,1,1,Lost
492,12471.0,1,1,1,Lost
493,12471.0,1,1,1,Lost
494,12471.0,1,1,1,Lost
495,12471.0,1,1,1,Lost
496,12471.0,1,1,1,Lost
497,12471.0,1,1,1,Lost
498,12471.0,1,1,1,Lost
499,12472.0,5,1,1,New
500,12472.0,5,1,1,New
501,12472.0,5,1,1,New
508,12472.0,1,1,1,Lost
509,12472.0,1,1,1,Lost
510,12472.0,1,1,1,Lost
511,12472.0,1,1,1,Lost
516,12474.0,5,1,1,New
517,12474.0,5,1,1,New
518,12474.0,5,1,1,New
519,12474.0,5,1,1,New
539,12474.0,1,1,1,Lost
540,12474.0,1,1,1,Lost
541,12474.0,1,1,1,Lost
542,12474.0,1,1,1,Lost
543,12474.0,1,1,1,Lost
568,12478.0,5,5,5,High Value
569,12479.0,5,5,5,High Value
570,12479.0,5,5,5,High Value
571,12479.0,5,5,5,High Value
607,12488.0,4,4,4,Loyal
638,12498.0,5,5,5,High Value
657,12502.0,1,3,3,At Risk
658,12504.0,5,5,5,High Value
659,12504.0,5,5,5,High Value
660,12504.0,5,5,5,High Value
698,12520.0,1,3,3,At Risk
700,12522.0,5,5,5,High Value
707,12523.0,4,3,4,Potential
708,12523.0,4,3,4,Potential
709,12523.0,4,3,4,Potential
710,12523.0,4,3,4,Potential
716,12524.0,5,1,1,New
722,12524.0,1,1,1,Lost
723,12524.0,1,1,1,Lost
724,12524.0,1,1,1,Lost
726,12526.0,4,4,4,Loyal
727,12526.0,4,4,4,Loyal
732,12528.0,4,4,4,Loyal
733,12528.0,4,4,4,Loyal
734,12528.0,4,4,4,Loyal
739,12530.0,4,4,4,Loyal
740,12530.0,4,4,4,Loyal
744,12531.0,5,5,5,High Value
753,12537.0,5,5,5,High Value
754,12538.0,5,5,5,High Value
760,12540.0,5,1,1,New
761,12540.0,5,1,1,New
775,12540.0,1,1,1,Lost
776,12540.0,1,1,1,Lost
777,12540.0,1,1,1,Lost
778,12540.0,1,1,1,Lost
787,12545.0,4,4,4,Loyal
790,12546.0,4,4,4,Loyal
791,12546.0,4,4,4,Loyal
792,12546.0,4,4,4,Loyal
802,12552.0,5,5,5,High Value
819,12556.0,4,3,4,Potential
827,12558.0,5,5,5,High Value
828,12558.0,5,5,5,High Value
848,12567.0,5,1,1,New
854,12567.0,1,1,1,Lost
855,12567.0,1,1,1,Lost
856,12567.0,1,1,1,Lost
900,12578.0,1,3,3,At Risk
901,12578.0,1,3,3,At Risk
902,12578.0,1,3,3,At Risk
906,12581.0,5,5,5,High Value
932,12584.0,4,3,4,Potential
933,12584.0,4,3,4,Potential
934,12584.0,4,3,4,Potential
945,12586.0,5,5,5,High Value
947,12587.0,5,5,5,High Value
948,12588.0,5,5,5,High Value
949,12589.0,5,5,5,High Value
966,12594.0,1,3,3,At Risk
967,12594.0,1,3,3,At Risk
991,12600.0,4,4,4,Loyal
992,12600.0,4,4,4,Loyal
1007,12603.0,5,5,5,High Value
1013,12609.0,4,4,4,Loyal
1024,12611.0,4,4,4,Loyal
1043,12618.0,5,5,5,High Value
1058,12621.0,5,1,1,New
1059,12621.0,5,1,1,New
1073,12621.0,1,1,1,Lost
1074,12621.0,1,1,1,Lost
1075,12621.0,1,1,1,Lost
1076,12621.0,1,1,1,Lost
1077,12621.0,1,1,1,Lost
1078,12621.0,1,1,1,Lost
1081,12624.0,4,3,4,Potential
1108,12628.0,5,5,5,High Value
1109,12628.0,5,5,5,High Value
1110,12628.0,5,5,5,High Value
1139,12642.0,4,4,4,Loyal
1140,12642.0,4,4,4,Loyal
1164,12647.0,1,3,3,At Risk
1165,12647.0,1,3,3,At Risk
1166,12647.0,1,3,3,At Risk
1167,12647.0,1,3,3,At Risk
1170,12649.0,4,4,4,Loyal
1174,12650.0,5,5,5,High Value
1182,12654.0,5,5,5,High Value
1183,12654.0,5,5,5,High Value
1196,12657.0,4,4,4,Loyal
1197,12658.0,5,5,5,High Value
1198,12659.0,5,5,5,High Value
1199,12660.0,5,5,5,High Value
1231,12668.0,1,3,3,At Risk
1232,12668.0,1,3,3,At Risk
1272,12679.0,4,4,4,Loyal
1273,12679.0,4,4,4,Loyal
1274,12679.0,4,4,4,Loyal
1275,12679.0,4,4,4,Loyal
1276,12679.0,4,4,4,Loyal
1281,12680.0,4,4,4,Loyal
1282,12680.0,4,4,4,Loyal
1283,12680.0,4,4,4,Loyal
1284,12681.0,5,1,1,New
1285,12681.0,5,1,1,New
1286,12681.0,5,1,1,New
1287,12681.0,5,1,1,New
1301,12681.0,1,1,1,Lost
1302,12681.0,1,1,1,Lost
1303,12681.0,1,1,1,Lost
1304,12681.0,1,1,1,Lost
1305,12681.0,1,1,1,Lost
1306,12681.0,1,1,1,Lost
1307,12681.0,1,1,1,Lost
1308,12682.0,5,1,1,New
1309,12682.0,5,1,1,New
1310,12682.0,5,1,1,New
1311,12682.0,5,1,1,New
1312,12682.0,5,1,1,New
1313,12682.0,5,1,1,New
1330,12682.0,1,1,1,Lost
1331,12682.0,1,1,1,Lost
1332,12682.0,1,1,1,Lost
1333,12682.0,1,1,1,Lost
1334,12682.0,1,1,1,Lost
1398,12701.0,4,4,4,Loyal
1439,12708.0,1,3,3,At Risk
1440,12708.0,1,3,3,At Risk
1468,12710.0,4,4,4,Loyal
1483,12712.0,1,3,3,At Risk
1484,12712.0,1,3,3,At Risk
1485,12712.0,1,3,3,At Risk
1486,12712.0,1,3,3,At Risk
1487,12712.0,1,3,3,At Risk
1488,12712.0,1,3,3,At Risk
1489,12713.0,5,5,5,High Value
1496,12715.0,5,5,5,High Value
1502,12717.0,4,4,4,Loyal
1507,12719.0,5,5,5,High Value
1542,12722.0,4,4,4,Loyal
1543,12722.0,4,4,4,Loyal
1599,12742.0,5,5,5,High Value
1612,12747.0,1,3,3,At Risk
1613,12747.0,1,3,3,At Risk
1614,12747.0,1,3,3,At Risk
1615,12747.0,1,3,3,At Risk
1616,12748.0,5,1,1,New
1617,12748.0,5,1,1,New
1618,12748.0,5,1,1,New
1619,12748.0,5,1,1,New
1620,12748.0,5,1,1,New
1621,12748.0,5,1,1,New
1622,12748.0,5,1,1,New
1623,12748.0,5,1,1,New
1624,12748.0,5,1,1,New
1625,12748.0,5,1,1,New
1626,12748.0,5,1,1,New
1627,12748.0,5,1,1,New
1628,12748.0,5,1,1,New
1629,12748.0,5,1,1,New
1630,12748.0,5,1,1,New
1631,12748.0,5,1,1,New
1632,12748.0,5,1,1,New
1633,12748.0,5,1,1,New
1634,12748.0,5,1,1,New
1635,12748.0,5,1,1,New
1636,12748.0,5,1,1,New
1637,12748.0,5,1,1,New
1638,12748.0,5,1,1,New
1639,12748.0,5,1,1,New
1640,12748.0,5,1,1,New
1641,12748.0,5,1,1,New
1707,12748.0,1,1,1,Lost
1708,12748.0,1,1,1,Lost
1709,12748.0,1,1,1,Lost
1710,12748.0,1,1,1,Lost
1711,12748.0,1,1,1,Lost
1712,12748.0,1,1,1,Lost
1713,12748.0,1,1,1,Lost
1714,12748.0,1,1,1,Lost
1715,12748.0,1,1,1,Lost
1716,12748.0,1,1,1,Lost
1717,12748.0,1,1,1,Lost
1718,12748.0,1,1,1,Lost
1719,12748.0,1,1,1,Lost
1720,12748.0,1,1,1,Lost
1721,12748.0,1,1,1,Lost
1722,12748.0,1,1,1,Lost
1723,12748.0,1,1,1,Lost
1724,12748.0,1,1,1,Lost
1725,12748.0,1,1,1,Lost
1726,12748.0,1,1,1,Lost
1727,12748.0,1,1,1,Lost
1728,12748.0,1,1,1,Lost
1768,12759.0,4,4,4,Loyal
1771,12760.0,4,3,4,Potential
1789,12772.0,4,4,4,Loyal
1799,12778.0,4,4,4,Loyal
1831,12783.0,4,4,4,Loyal
1832,12783.0,4,4,4,Loyal
1834,12785.0,5,5,5,High Value
1836,12787.0,5,5,5,High Value
1839,12788.0,5,5,5,High Value
1846,12794.0,4,4,4,Loyal
1847,12794.0,4,4,4,Loyal
1848,12795.0,5,5,5,High Value
1858,12808.0,5,5,5,High Value
1867,12812.0,5,5,5,High Value
1883,12822.0,4,4,4,Loyal
1884,12822.0,4,4,4,Loyal
1885,12822.0,4,4,4,Loyal
1895,12826.0,4,4,4,Loyal
1901,12827.0,5,5,5,High Value
1902,12827.0,5,5,5,High Value
1903,12827.0,5,5,5,High Value
1906,12828.0,4,4,4,Loyal
1907,12828.0,4,4,4,Loyal
1908,12828.0,4,4,4,Loyal
1921,12832.0,5,5,5,High Value
1929,12836.0,1,3,3,At Risk
1993,12845.0,5,5,5,High Value
2004,12853.0,4,4,4,Loyal
2010,12854.0,4,3,4,Potential
2032,12867.0,5,1,1,New
2037,12867.0,1,1,1,Lost
2038,12867.0,1,1,1,Lost
2039,12867.0,1,1,1,Lost
2043,12868.0,1,3,3,At Risk
2044,12868.0,1,3,3,At Risk
2045,12868.0,1,3,3,At Risk
2067,12877.0,1,3,3,At Risk
2068,12877.0,1,3,3,At Risk
2069,12877.0,1,3,3,At Risk
2074,12879.0,5,5,5,High Value
2080,12882.0,5,5,5,High Value
2081,12882.0,5,5,5,High Value
2082,12883.0,5,5,5,High Value
2084,12884.0,4,3,4,Potential
2086,12885.0,4,4,4,Loyal
2089,12886.0,4,4,4,Loyal
2101,12893.0,5,5,5,High Value
2109,12900.0,5,5,5,High Value
2176,12916.0,1,3,3,At Risk
2181,12919.0,4,4,4,Loyal
2186,12920.0,5,5,5,High Value
2188,12921.0,5,1,1,New
2189,12921.0,5,1,1,New
2190,12921.0,5,1,1,New
2191,12921.0,5,1,1,New
2192,12921.0,5,1,1,New
2193,12921.0,5,1,1,New
2216,12921.0,1,1,1,Lost
2217,12921.0,1,1,1,Lost
2218,12921.0,1,1,1,Lost
2219,12921.0,1,1,1,Lost
2220,12921.0,1,1,1,Lost
2221,12921.0,1,1,1,Lost
2222,12921.0,1,1,1,Lost
2225,12924.0,4,3,4,Potential
2233,12925.0,4,4,4,Loyal
2265,12934.0,5,5,5,High Value
2272,12935.0,1,3,3,At Risk
2275,12936.0,4,4,4,Loyal
2282,12938.0,5,5,5,High Value
2289,12940.0,4,3,4,Potential
2290,12940.0,4,3,4,Potential
2291,12940.0,4,3,4,Potential
2292,12940.0,4,3,4,Potential
2297,12944.0,5,5,5,High Value
2307,12947.0,1,3,3,At Risk
2308,12947.0,1,3,3,At Risk
2309,12947.0,1,3,3,At Risk
2310,12947.0,1,3,3,At Risk
2330,12951.0,4,4,4,Loyal
2341,12952.0,4,4,4,Loyal
2342,12953.0,5,5,5,High Value
2372,12962.0,5,5,5,High Value
2378,12963.0,4,4,4,Loyal
2379,12963.0,4,4,4,Loyal
2382,12966.0,5,5,5,High Value
2479,12981.0,5,5,5,High Value
2484,12984.0,5,5,5,High Value
2490,12987.0,4,3,4,Potential
2511,12990.0,5,5,5,High Value
2522,12994.0,4,4,4,Loyal
2529,12997.0,4,4,4,Loyal
2530,12997.0,4,4,4,Loyal
2558,13004.0,5,1,1,New
2559,13004.0,5,1,1,New
2560,13004.0,5,1,1,New
2561,13004.0,5,1,1,New
2574,13004.0,1,1,1,Lost
2575,13004.0,1,1,1,Lost
2576,13004.0,1,1,1,Lost
2577,13004.0,1,1,1,Lost
2578,13004.0,1,1,1,Lost
2599,13012.0,1,3,3,At Risk
2634,13016.0,4,4,4,Loyal
2636,13017.0,5,5,5,High Value
2637,13018.0,5,1,1,New
2638,13018.0,5,1,1,New
2639,13018.0,5,1,1,New
2655,13018.0,1,1,1,Lost
2656,13018.0,1,1,1,Lost
2657,13018.0,1,1,1,Lost
2666,13021.0,1,3,3,At Risk
2667,13021.0,1,3,3,At Risk
2668,13021.0,1,3,3,At Risk
2675,13025.0,5,5,5,High Value
2693,13029.0,5,5,5,High Value
2699,13032.0,4,4,4,Loyal
2700,13032.0,4,4,4,Loyal
2715,13040.0,5,5,5,High Value
2716,13040.0,5,5,5,High Value
2722,13046.0,5,5,5,High Value
2734,13047.0,1,3,3,At Risk
2735,13047.0,1,3,3,At Risk
2736,13047.0,1,3,3,At Risk
2741,13048.0,1,3,3,At Risk
2771,13055.0,4,4,4,Loyal
2772,13055.0,4,4,4,Loyal
2774,13058.0,5,5,5,High Value
2783,13064.0,4,4,4,Loyal
2790,13068.0,5,5,5,High Value
2792,13069.0,5,1,1,New
2793,13069.0,5,1,1,New
2808,13069.0,1,1,1,Lost
2809,13069.0,1,1,1,Lost
2810,13069.0,1,1,1,Lost
2811,13069.0,1,1,1,Lost
2819,13078.0,5,1,1,New
2820,13078.0,5,1,1,New
2821,13078.0,5,1,1,New
2822,13078.0,5,1,1,New
2823,13078.0,5,1,1,New
2824,13078.0,5,1,1,New
2825,13078.0,5,1,1,New
2826,13078.0,5,1,1,New
2827,13078.0,5,1,1,New
2850,13078.0,1,1,1,Lost
2851,13078.0,1,1,1,Lost
2852,13078.0,1,1,1,Lost
2853,13078.0,1,1,1,Lost
2854,13078.0,1,1,1,Lost
2855,13078.0,1,1,1,Lost
2856,13078.0,1,1,1,Lost
2857,13078.0,1,1,1,Lost
2858,13078.0,1,1,1,Lost
2859,13079.0,5,5,5,High Value
2860,13079.0,5,5,5,High Value
2865,13081.0,5,1,1,New
2866,13081.0,5,1,1,New
2867,13081.0,5,1,1,New
2868,13081.0,5,1,1,New
2869,13081.0,5,1,1,New
2870,13081.0,5,1,1,New
2877,13081.0,1,1,1,Lost
2878,13081.0,1,1,1,Lost
2879,13081.0,1,1,1,Lost
2880,13081.0,1,1,1,Lost
2881,13081.0,1,1,1,Lost
2890,13083.0,5,5,5,High Value
2895,13089.0,5,1,1,New
2896,13089.0,5,1,1,New
2897,13089.0,5,1,1,New
2898,13089.0,5,1,1,New
2899,13089.0,5,1,1,New
2900,13089.0,5,1,1,New
2901,13089.0,5,1,1,New
2902,13089.0,5,1,1,New
2903,13089.0,5,1,1,New
2904,13089.0,5,1,1,New
2905,13089.0,5,1,1,New
2960,13089.0,1,1,1,Lost
2961,13089.0,1,1,1,Lost
2962,13089.0,1,1,1,Lost
2963,13089.0,1,1,1,Lost
2964,13089.0,1,1,1,Lost
2965,13089.0,1,1,1,Lost
2966,13089.0,1,1,1,Lost
2967,13089.0,1,1,1,Lost
2968,13089.0,1,1,1,Lost
2969,13089.0,1,1,1,Lost
2970,13089.0,1,1,1,Lost
2971,13089.0,1,1,1,Lost
2972,13089.0,1,1,1,Lost
2973,13089.0,1,1,1,Lost
2974,13089.0,1,1,1,Lost
2975,13089.0,1,1,1,Lost
2976,13089.0,1,1,1,Lost
2977,13089.0,1,1,1,Lost
2978,13089.0,1,1,1,Lost
3041,13098.0,5,1,1,New
3042,13098.0,5,1,1,New
3043,13098.0,5,1,1,New
3044,13098.0,5,1,1,New
3045,13098.0,5,1,1,New
3046,13098.0,5,1,1,New
3047,13098.0,5,1,1,New
3048,13098.0,5,1,1,New
3072,13098.0,1,1,1,Lost
3073,13098.0,1,1,1,Lost
3074,13098.0,1,1,1,Lost
3099,13103.0,5,5,5,High Value
3119,13109.0,1,3,3,At Risk
3121,13110.0,4,3,4,Potential
3127,13113.0,5,1,1,New
3128,13113.0,5,1,1,New
3129,13113.0,5,1,1,New
3147,13113.0,1,1,1,Lost
3148,13113.0,1,1,1,Lost
3149,13113.0,1,1,1,Lost
3150,13113.0,1,1,1,Lost
3151,13113.0,1,1,1,Lost
3164,13115.0,1,3,3,At Risk
3165,13115.0,1,3,3,At Risk
3166,13115.0,1,3,3,At Risk
3186,13122.0,4,4,4,Loyal
3204,13131.0,4,4,4,Loyal
3205,13131.0,4,4,4,Loyal
3238,13138.0,4,4,4,Loyal
3239,13138.0,4,4,4,Loyal
3256,13141.0,1,3,3,At Risk
3257,13141.0,1,3,3,At Risk
3258,13142.0,5,5,5,High Value
3260,13145.0,5,5,5,High Value
3265,13146.0,5,5,5,High Value
3266,13147.0,5,5,5,High Value
3267,13147.0,5,5,5,High Value
3268,13147.0,5,5,5,High Value
3303,13158.0,4,4,4,Loyal
3312,13160.0,5,5,5,High Value
3325,13167.0,4,4,4,Loyal
3334,13170.0,5,5,5,High Value
3348,13176.0,4,4,4,Loyal
3349,13177.0,5,5,5,High Value
3363,13182.0,5,5,5,High Value
3381,13184.0,1,3,3,At Risk
3384,13186.0,4,4,4,Loyal
3390,13188.0,5,5,5,High Value
3394,13192.0,4,4,4,Loyal
3445,13200.0,4,4,4,Loyal
3453,13207.0,5,5,5,High Value
3455,13208.0,4,3,4,Potential
3471,13211.0,4,4,4,Loyal
3563,13246.0,1,3,3,At Risk
3564,13246.0,1,3,3,At Risk
3565,13246.0,1,3,3,At Risk
3566,13247.0,5,5,5,High Value
3567,13247.0,5,5,5,High Value
3578,13255.0,5,5,5,High Value
3579,13255.0,5,5,5,High Value
3584,13258.0,4,3,4,Potential
3591,13263.0,5,1,1,New
3592,13263.0,5,1,1,New
3593,13263.0,5,1,1,New
3594,13263.0,5,1,1,New
3595,13263.0,5,1,1,New
3596,13263.0,5,1,1,New
3622,13263.0,1,1,1,Lost
3695,13272.0,5,5,5,High Value
3701,13277.0,5,5,5,High Value
3702,13277.0,5,5,5,High Value
3711,13282.0,5,5,5,High Value
3739,13298.0,5,5,5,High Value
3762,13308.0,4,4,4,Loyal
3769,13309.0,1,3,3,At Risk
3776,13311.0,5,5,5,High Value
3785,13314.0,4,4,4,Loyal
3786,13314.0,4,4,4,Loyal
3787,13314.0,4,4,4,Loyal
3798,13317.0,1,3,3,At Risk
3799,13318.0,5,5,5,High Value
3800,13318.0,5,5,5,High Value
3801,13318.0,5,5,5,High Value
3802,13319.0,5,1,1,New
3803,13319.0,5,1,1,New
3804,13319.0,5,1,1,New
3821,13319.0,1,1,1,Lost
3822,13319.0,1,1,1,Lost
3823,13319.0,1,1,1,Lost
3824,13319.0,1,1,1,Lost
3825,13319.0,1,1,1,Lost
3826,13319.0,1,1,1,Lost
3827,13319.0,1,1,1,Lost
3837,13323.0,5,5,5,High Value
3838,13323.0,5,5,5,High Value
3839,13323.0,5,5,5,High Value
3840,13323.0,5,5,5,High Value
3858,13327.0,1,3,3,At Risk
3859,13327.0,1,3,3,At Risk
3865,13330.0,4,4,4,Loyal
3868,13332.0,5,5,5,High Value
3872,13336.0,4,4,4,Loyal
3894,13349.0,5,5,5,High Value
3895,13350.0,5,5,5,High Value
3902,13354.0,4,4,4,Loyal
3913,13362.0,1,3,3,At Risk
3938,13376.0,4,4,4,Loyal
3941,13378.0,4,4,4,Loyal
3943,13379.0,4,4,4,Loyal
3966,13389.0,4,4,4,Loyal
3996,13403.0,5,5,5,High Value
3997,13404.0,5,5,5,High Value
4001,13408.0,5,1,1,New
4002,13408.0,5,1,1,New
4003,13408.0,5,1,1,New
4004,13408.0,5,1,1,New
4005,13408.0,5,1,1,New
4006,13408.0,5,1,1,New
4007,13408.0,5,1,1,New
4008,13408.0,5,1,1,New
4009,13408.0,5,1,1,New
4010,13408.0,5,1,1,New
4011,13408.0,5,1,1,New
4042,13408.0,1,1,1,Lost
4043,13408.0,1,1,1,Lost
4044,13408.0,1,1,1,Lost
4045,13408.0,1,1,1,Lost
4046,13408.0,1,1,1,Lost
4047,13408.0,1,1,1,Lost
4048,13408.0,1,1,1,Lost
4049,13408.0,1,1,1,Lost
4050,13408.0,1,1,1,Lost
4051,13408.0,1,1,1,Lost
4052,13408.0,1,1,1,Lost
4065,13416.0,5,5,5,High Value
4067,13417.0,5,5,5,High Value
4094,13421.0,1,3,3,At Risk
4123,13430.0,4,4,4,Loyal
4124,13430.0,4,4,4,Loyal
4125,13430.0,4,4,4,Loyal
4126,13431.0,4,4,4,Loyal
4127,13431.0,4,4,4,Loyal
4140,13436.0,5,5,5,High Value
4166,13449.0,5,5,5,High Value
4189,13456.0,4,4,4,Loyal
4194,13458.0,5,1,1,New
4195,13458.0,5,1,1,New
4196,13458.0,5,1,1,New
4197,13458.0,5,1,1,New
4209,13458.0,1,1,1,Lost
4210,13458.0,1,1,1,Lost
4211,13458.0,1,1,1,Lost
4212,13458.0,1,1,1,Lost
4213,13458.0,1,1,1,Lost
4214,13458.0,1,1,1,Lost
4215,13458.0,1,1,1,Lost
4217,13460.0,5,5,5,High Value
4312,13481.0,1,3,3,At Risk
4318,13486.0,4,4,4,Loyal
4324,13488.0,5,1,1,New
4325,13488.0,5,1,1,New
4337,13488.0,1,1,1,Lost
4338,13488.0,1,1,1,Lost
4339,13488.0,1,1,1,Lost
4340,13488.0,1,1,1,Lost
4347,13491.0,4,4,4,Loyal
4396,13502.0,5,5,5,High Value
4436,13515.0,4,4,4,Loyal
4449,13518.0,4,4,4,Loyal
4453,13519.0,4,4,4,Loyal
4454,13519.0,4,4,4,Loyal
4465,13522.0,5,5,5,High Value
4471,13524.0,5,5,5,High Value
4476,13525.0,5,5,5,High Value
4536,13538.0,5,5,5,High Value
4549,13540.0,5,5,5,High Value
4556,13548.0,4,3,4,Potential
4559,13549.0,4,4,4,Loyal
4578,13552.0,1,3,3,At Risk
4587,13560.0,5,5,5,High Value
4589,13562.0,4,4,4,Loyal
4597,13565.0,5,5,5,High Value
4600,13566.0,4,3,4,Potential
4623,13575.0,4,4,4,Loyal
4624,13575.0,4,4,4,Loyal
4648,13577.0,4,4,4,Loyal
4649,13577.0,4,4,4,Loyal
4652,13579.0,5,5,5,High Value
4659,13587.0,5,5,5,High Value
4660,13587.0,5,5,5,High Value
4672,13589.0,5,5,5,High Value
4681,13591.0,4,4,4,Loyal
4686,13592.0,4,4,4,Loyal
4690,13593.0,4,3,4,Potential
4728,13603.0,4,3,4,Potential
4730,13606.0,5,5,5,High Value
4741,13611.0,4,4,4,Loyal
4804,13634.0,4,3,4,Potential
4805,13634.0,4,3,4,Potential
4808,13635.0,4,4,4,Loyal
4816,13637.0,4,4,4,Loyal
4819,13638.0,5,5,5,High Value
4824,13643.0,5,5,5,High Value
4835,13647.0,4,4,4,Loyal
4836,13647.0,4,4,4,Loyal
4844,13650.0,4,4,4,Loyal
4845,13650.0,4,4,4,Loyal
4849,13651.0,5,5,5,High Value
4861,13655.0,4,4,4,Loyal
4865,13657.0,5,5,5,High Value
4868,13658.0,4,3,4,Potential
4874,13659.0,1,3,3,At Risk
4876,13662.0,4,3,4,Potential
4912,13670.0,4,4,4,Loyal
4931,13681.0,4,4,4,Loyal
4954,13694.0,5,1,1,New
4955,13694.0,5,1,1,New
4956,13694.0,5,1,1,New
4957,13694.0,5,1,1,New
4958,13694.0,5,1,1,New
4984,13694.0,1,1,1,Lost
4985,13694.0,1,1,1,Lost
4986,13694.0,1,1,1,Lost
4987,13694.0,1,1,1,Lost
4988,13694.0,1,1,1,Lost
4989,13694.0,1,1,1,Lost
4990,13694.0,1,1,1,Lost
4991,13694.0,1,1,1,Lost
4992,13694.0,1,1,1,Lost
5007,13697.0,5,5,5,High Value
5028,13705.0,5,5,5,High Value
5047,13710.0,5,5,5,High Value
5080,13721.0,5,5,5,High Value
5092,13725.0,1,3,3,At Risk
5093,13725.0,1,3,3,At Risk
5094,13725.0,1,3,3,At Risk
5095,13725.0,1,3,3,At Risk
5096,13725.0,1,3,3,At Risk
5099,13727.0,5,5,5,High Value
5100,13727.0,5,5,5,High Value
5102,13728.0,4,4,4,Loyal
5120,13739.0,5,5,5,High Value
5206,13759.0,5,5,5,High Value
5210,13761.0,4,4,4,Loyal
5211,13761.0,4,4,4,Loyal
5222,13767.0,5,1,1,New
5223,13767.0,5,1,1,New
5224,13767.0,5,1,1,New
5251,13767.0,1,1,1,Lost
5252,13767.0,1,1,1,Lost
5253,13767.0,1,1,1,Lost
5254,13767.0,1,1,1,Lost
5255,13767.0,1,1,1,Lost
5256,13767.0,1,1,1,Lost
5257,13767.0,1,1,1,Lost
5258,13767.0,1,1,1,Lost
5259,13767.0,1,1,1,Lost
5260,13767.0,1,1,1,Lost
5261,13767.0,1,1,1,Lost
5262,13767.0,1,1,1,Lost
5263,13767.0,1,1,1,Lost
5264,13767.0,1,1,1,Lost
5265,13767.0,1,1,1,Lost
5278,13769.0,1,3,3,At Risk
5279,13769.0,1,3,3,At Risk
5280,13769.0,1,3,3,At Risk
5281,13769.0,1,3,3,At Risk
5287,13772.0,4,3,4,Potential
5292,13777.0,5,1,1,New
5293,13777.0,5,1,1,New
5294,13777.0,5,1,1,New
5295,13777.0,5,1,1,New
5296,13777.0,5,1,1,New
5314,13777.0,1,1,1,Lost
5315,13777.0,1,1,1,Lost
5316,13777.0,1,1,1,Lost
5317,13777.0,1,1,1,Lost
5318,13777.0,1,1,1,Lost
5319,13777.0,1,1,1,Lost
5320,13777.0,1,1,1,Lost
5321,13777.0,1,1,1,Lost
5322,13777.0,1,1,1,Lost
5357,13798.0,5,1,1,New
5358,13798.0,5,1,1,New
5359,13798.0,5,1,1,New
5360,13798.0,5,1,1,New
5361,13798.0,5,1,1,New
5362,13798.0,5,1,1,New
5363,13798.0,5,1,1,New
5364,13798.0,5,1,1,New
5365,13798.0,5,1,1,New
5400,13798.0,1,1,1,Lost
5401,13798.0,1,1,1,Lost
5402,13798.0,1,1,1,Lost
5403,13798.0,1,1,1,Lost
5404,13798.0,1,1,1,Lost
5405,13798.0,1,1,1,Lost
5406,13798.0,1,1,1,Lost
5407,13798.0,1,1,1,Lost
5408,13798.0,1,1,1,Lost
5409,13798.0,1,1,1,Lost
5426,13804.0,1,3,3,At Risk
5432,13808.0,4,4,4,Loyal
5433,13808.0,4,4,4,Loyal
5434,13808.0,4,4,4,Loyal
5435,13808.0,4,4,4,Loyal
5437,13810.0,5,5,5,High Value
5446,13813.0,4,4,4,Loyal
5447,13813.0,4,4,4,Loyal
5450,13814.0,4,4,4,Loyal
5451,13814.0,4,4,4,Loyal
5458,13816.0,5,5,5,High Value
5459,13816.0,5,5,5,High Value
5462,13817.0,5,5,5,High Value
5490,13831.0,4,4,4,Loyal
5497,13832.0,1,3,3,At Risk
5512,13841.0,4,4,4,Loyal
5524,13844.0,5,5,5,High Value
5536,13850.0,4,4,4,Loyal
5541,13853.0,5,5,5,High Value
5581,13860.0,4,4,4,Loyal
5582,13860.0,4,4,4,Loyal
5583,13860.0,4,4,4,Loyal
5592,13862.0,1,3,3,At Risk
5593,13862.0,1,3,3,At Risk
5594,13862.0,1,3,3,At Risk
5598,13865.0,4,3,4,Potential
5606,13867.0,4,4,4,Loyal
5622,13870.0,1,3,3,At Risk
5647,13875.0,1,3,3,At Risk
5684,13882.0,4,4,4,Loyal
5691,13883.0,1,3,3,At Risk
5737,13899.0,5,5,5,High Value
5749,13904.0,5,5,5,High Value
5766,13914.0,5,5,5,High Value
5767,13914.0,5,5,5,High Value
5768,13914.0,5,5,5,High Value
5769,13916.0,5,5,5,High Value
5794,13926.0,5,5,5,High Value
5796,13928.0,5,5,5,High Value
5797,13928.0,5,5,5,High Value
5798,13928.0,5,5,5,High Value
5806,13931.0,4,4,4,Loyal
5807,13931.0,4,4,4,Loyal
5817,13938.0,5,5,5,High Value
5819,13939.0,4,4,4,Loyal
5824,13940.0,4,3,4,Potential
5847,13950.0,5,5,5,High Value
5848,13950.0,5,5,5,High Value
5866,13954.0,5,5,5,High Value
5873,13956.0,4,3,4,Potential
5883,13960.0,5,5,5,High Value
5885,13962.0,5,5,5,High Value
5893,13969.0,5,1,1,New
5894,13969.0,5,1,1,New
5895,13969.0,5,1,1,New
5896,13969.0,5,1,1,New
5897,13969.0,5,1,1,New
5898,13969.0,5,1,1,New
5908,13969.0,1,1,1,Lost
5909,13969.0,1,1,1,Lost
5921,13972.0,4,4,4,Loyal
5934,13978.0,5,5,5,High Value
5935,13978.0,5,5,5,High Value
5936,13979.0,4,4,4,Loyal
5940,13982.0,1,3,3,At Risk
5941,13982.0,1,3,3,At Risk
5950,13983.0,1,3,3,At Risk
5951,13983.0,1,3,3,At Risk
5952,13983.0,1,3,3,At Risk
5992,13991.0,4,4,4,Loyal
5993,13991.0,4,4,4,Loyal
5995,13992.0,5,5,5,High Value
6007,13993.0,1,3,3,At Risk
6008,13993.0,1,3,3,At Risk
6016,13995.0,4,4,4,Loyal
6087,14020.0,5,5,5,High Value
6093,14023.0,5,5,5,High Value
6145,14035.0,4,4,4,Loyal
6146,14035.0,4,4,4,Loyal
6152,14038.0,4,4,4,Loyal
6180,14047.0,5,5,5,High Value
6193,14050.0,4,4,4,Loyal
6225,14056.0,5,1,1,New
6226,14056.0,5,1,1,New
6227,14056.0,5,1,1,New
6248,14056.0,1,1,1,Lost
6302,14066.0,5,5,5,High Value
6317,14073.0,5,5,5,High Value
6318,14073.0,5,5,5,High Value
6323,14077.0,5,5,5,High Value
6352,14084.0,5,5,5,High Value
6371,14088.0,5,1,1,New
6372,14088.0,5,1,1,New
6373,14088.0,5,1,1,New
6374,14088.0,5,1,1,New
6375,14088.0,5,1,1,New
6383,14088.0,1,1,1,Lost
6402,14096.0,5,1,1,New
6403,14096.0,5,1,1,New
6404,14096.0,5,1,1,New
6405,14096.0,5,1,1,New
6406,14096.0,5,1,1,New
6407,14096.0,5,1,1,New
6408,14096.0,5,1,1,New
6421,14098.0,5,5,5,High Value
6447,14105.0,4,4,4,Loyal
6460,14109.0,5,5,5,High Value
6475,14111.0,5,5,5,High Value
6502,14116.0,4,4,4,Loyal
6503,14116.0,4,4,4,Loyal
6506,14119.0,4,4,4,Loyal
6518,14126.0,5,5,5,High Value
6519,14126.0,5,5,5,High Value
6524,14128.0,4,4,4,Loyal
6528,14129.0,4,4,4,Loyal
6564,14138.0,4,4,4,Loyal
6599,14152.0,4,4,4,Loyal
6604,14156.0,5,1,1,New
6605,14156.0,5,1,1,New
6606,14156.0,5,1,1,New
6607,14156.0,5,1,1,New
6608,14156.0,5,1,1,New
6609,14156.0,5,1,1,New
6610,14156.0,5,1,1,New
6611,14156.0,5,1,1,New
6612,14156.0,5,1,1,New
6646,14156.0,1,1,1,Lost
6647,14156.0,1,1,1,Lost
6648,14156.0,1,1,1,Lost
6649,14156.0,1,1,1,Lost
6650,14156.0,1,1,1,Lost
6651,14156.0,1,1,1,Lost
6652,14156.0,1,1,1,Lost
6653,14156.0,1,1,1,Lost
6654,14156.0,1,1,1,Lost
6658,14159.0,5,1,1,New
6659,14159.0,5,1,1,New
6668,14159.0,1,1,1,Lost
6689,14173.0,5,5,5,High Value
6690,14173.0,5,5,5,High Value
6692,14174.0,5,5,5,High Value
6697,14175.0,1,3,3,At Risk
6698,14175.0,1,3,3,At Risk
6699,14176.0,5,5,5,High Value
6753,14188.0,4,4,4,Loyal
6754,14188.0,4,4,4,Loyal
6755,14188.0,4,4,4,Loyal
6756,14188.0,4,4,4,Loyal
6757,14188.0,4,4,4,Loyal
6802,14194.0,5,1,1,New
6803,14194.0,5,1,1,New
6804,14194.0,5,1,1,New
6805,14194.0,5,1,1,New
6806,14194.0,5,1,1,New
6807,14194.0,5,1,1,New
6827,14194.0,1,1,1,Lost
6870,14210.0,4,3,4,Potential
6871,14210.0,4,3,4,Potential
6887,14211.0,1,3,3,At Risk
6888,14211.0,1,3,3,At Risk
6889,14211.0,1,3,3,At Risk
6904,14215.0,1,3,3,At Risk
6905,14215.0,1,3,3,At Risk
6906,14215.0,1,3,3,At Risk
6907,14215.0,1,3,3,At Risk
6917,14217.0,4,3,4,Potential
6918,14217.0,4,3,4,Potential
6919,14217.0,4,3,4,Potential
6920,14217.0,4,3,4,Potential
6921,14217.0,4,3,4,Potential
6934,14218.0,5,5,5,High Value
6935,14219.0,5,5,5,High Value
6948,14223.0,4,4,4,Loyal
6952,14224.0,4,3,4,Potential
6953,14224.0,4,3,4,Potential
6974,14227.0,1,3,3,At Risk
7025,14239.0,1,3,3,At Risk
7026,14239.0,1,3,3,At Risk
7027,14239.0,1,3,3,At Risk
7053,14246.0,4,4,4,Loyal
7088,14261.0,4,4,4,Loyal
7089,14261.0,4,4,4,Loyal
7110,14270.0,5,5,5,High Value
7144,14284.0,5,5,5,High Value
7149,14285.0,4,4,4,Loyal
7158,14287.0,5,5,5,High Value
7173,14290.0,1,3,3,At Risk
7174,14290.0,1,3,3,At Risk
7192,14292.0,1,3,3,At Risk
7193,14292.0,1,3,3,At Risk
7198,14295.0,5,5,5,High Value
7201,14297.0,4,4,4,Loyal
7202,14297.0,4,4,4,Loyal
7204,14298.0,5,1,1,New
7205,14298.0,5,1,1,New
7206,14298.0,5,1,1,New
7223,14298.0,1,1,1,Lost
7224,14298.0,1,1,1,Lost
7225,14298.0,1,1,1,Lost
7226,14298.0,1,1,1,Lost
7227,14298.0,1,1,1,Lost
7228,14298.0,1,1,1,Lost
7229,14298.0,1,1,1,Lost
7248,14300.0,5,5,5,High Value
7273,14309.0,1,3,3,At Risk
7274,14309.0,1,3,3,At Risk
7275,14309.0,1,3,3,At Risk
7276,14309.0,1,3,3,At Risk
7340,14334.0,1,3,3,At Risk
7341,14334.0,1,3,3,At Risk
7361,14341.0,1,3,3,At Risk
7362,14341.0,1,3,3,At Risk
7363,14342.0,5,5,5,High Value
7364,14342.0,5,5,5,High Value
7376,14345.0,5,5,5,High Value
7380,14349.0,5,5,5,High Value
7389,14354.0,5,5,5,High Value
7390,14354.0,5,5,5,High Value
7397,14357.0,5,5,5,High Value
7403,14359.0,4,4,4,Loyal
7407,14362.0,5,5,5,High Value
7416,14367.0,5,1,1,New
7417,14367.0,5,1,1,New
7418,14367.0,5,1,1,New
7430,14369.0,5,5,5,High Value
7441,14383.0,4,4,4,Loyal
7444,14385.0,5,5,5,High Value
7445,14385.0,5,5,5,High Value
7446,14385.0,5,5,5,High Value
7450,14387.0,4,3,4,Potential
7451,14387.0,4,3,4,Potential
7464,14389.0,4,4,4,Loyal
7537,14404.0,4,3,4,Potential
7571,14411.0,4,3,4,Potential
7575,14412.0,4,4,4,Loyal
7600,14416.0,5,5,5,High Value
7601,14416.0,5,5,5,High Value
7624,14424.0,5,5,5,High Value
7643,14428.0,4,3,4,Potential
7644,14428.0,4,3,4,Potential
7662,14435.0,5,5,5,High Value
7670,14440.0,4,4,4,Loyal
7678,14441.0,4,4,4,Loyal
7699,14447.0,4,4,4,Loyal
7702,14448.0,5,5,5,High Value
7762,14470.0,5,5,5,High Value
7775,14474.0,5,5,5,High Value
7777,14475.0,4,4,4,Loyal
7792,14480.0,5,5,5,High Value
7801,14482.0,1,3,3,At Risk
7808,14487.0,4,3,4,Potential
7809,14487.0,4,3,4,Potential
7811,14488.0,4,4,4,Loyal
7812,14488.0,4,4,4,Loyal
7824,14494.0,5,5,5,High Value
7888,14507.0,4,4,4,Loyal
7908,14514.0,4,4,4,Loyal
7917,14517.0,5,5,5,High Value
7920,14520.0,5,5,5,High Value
7999,14528.0,5,5,5,High Value
8051,14539.0,5,5,5,High Value
8052,14539.0,5,5,5,High Value
8055,14540.0,4,4,4,Loyal
8057,14541.0,4,3,4,Potential
8070,14543.0,4,4,4,Loyal
8071,14543.0,4,4,4,Loyal
8072,14543.0,4,4,4,Loyal
8087,14544.0,1,3,3,At Risk
8088,14544.0,1,3,3,At Risk
8175,14565.0,1,3,3,At Risk
8180,14569.0,5,5,5,High Value
8203,14578.0,5,5,5,High Value
8205,14581.0,5,5,5,High Value
8206,14582.0,5,5,5,High Value
8217,14585.0,5,1,1,New
8235,14592.0,4,3,4,Potential
8236,14592.0,4,3,4,Potential
8255,14606.0,5,1,1,New
8256,14606.0,5,1,1,New
8257,14606.0,5,1,1,New
8258,14606.0,5,1,1,New
8259,14606.0,5,1,1,New
8260,14606.0,5,1,1,New
8261,14606.0,5,1,1,New
8262,14606.0,5,1,1,New
8263,14606.0,5,1,1,New
8264,14606.0,5,1,1,New
8265,14606.0,5,1,1,New
8266,14606.0,5,1,1,New
8267,14606.0,5,1,1,New
8319,14606.0,1,1,1,Lost
8320,14606.0,1,1,1,Lost
8321,14606.0,1,1,1,Lost
8322,14606.0,1,1,1,Lost
8323,14606.0,1,1,1,Lost
8324,14606.0,1,1,1,Lost
8325,14606.0,1,1,1,Lost
8326,14606.0,1,1,1,Lost
8327,14606.0,1,1,1,Lost
8328,14606.0,1,1,1,Lost
8329,14606.0,1,1,1,Lost
8330,14606.0,1,1,1,Lost
8331,14606.0,1,1,1,Lost
8332,14606.0,1,1,1,Lost
8333,14606.0,1,1,1,Lost
8334,14606.0,1,1,1,Lost
8335,14606.0,1,1,1,Lost
8336,14606.0,1,1,1,Lost
8337,14606.0,1,1,1,Lost
8338,14606.0,1,1,1,Lost
8339,14606.0,1,1,1,Lost
8340,14606.0,1,1,1,Lost
8341,14606.0,1,1,1,Lost
8342,14606.0,1,1,1,Lost
8361,14618.0,5,5,5,High Value
8362,14618.0,5,5,5,High Value
8410,14636.0,5,5,5,High Value
8415,14639.0,1,3,3,At Risk
8416,14639.0,1,3,3,At Risk
8417,14639.0,1,3,3,At Risk
8418,14639.0,1,3,3,At Risk
8427,14641.0,5,5,5,High Value
8432,14644.0,5,5,5,High Value
8440,14646.0,5,1,1,New
8441,14646.0,5,1,1,New
8442,14646.0,5,1,1,New
8443,14646.0,5,1,1,New
8444,14646.0,5,1,1,New
8445,14646.0,5,1,1,New
8446,14646.0,5,1,1,New
8447,14646.0,5,1,1,New
8448,14646.0,5,1,1,New
8477,14646.0,1,1,1,Lost
8478,14646.0,1,1,1,Lost
8479,14646.0,1,1,1,Lost
8480,14646.0,1,1,1,Lost
8481,14646.0,1,1,1,Lost
8482,14646.0,1,1,1,Lost
8483,14646.0,1,1,1,Lost
8484,14646.0,1,1,1,Lost
8485,14646.0,1,1,1,Lost
8514,14658.0,5,5,5,High Value
8527,14661.0,5,5,5,High Value
8534,14665.0,4,3,4,Potential
8535,14665.0,4,3,4,Potential
8539,14666.0,5,5,5,High Value
8540,14667.0,5,1,1,New
8541,14667.0,5,1,1,New
8542,14667.0,5,1,1,New
8543,14667.0,5,1,1,New
8544,14667.0,5,1,1,New
8557,14667.0,1,1,1,Lost
8558,14667.0,1,1,1,Lost
8559,14667.0,1,1,1,Lost
8560,14667.0,1,1,1,Lost
8561,14667.0,1,1,1,Lost
8562,14667.0,1,1,1,Lost
8642,14691.0,4,4,4,Loyal
8643,14691.0,4,4,4,Loyal
8658,14696.0,1,3,3,At Risk
8659,14696.0,1,3,3,At Risk
8660,14696.0,1,3,3,At Risk
8696,14703.0,5,5,5,High Value
8738,14712.0,5,5,5,High Value
8752,14714.0,5,5,5,High Value
8754,14715.0,4,4,4,Loyal
8766,14720.0,5,5,5,High Value
8798,14732.0,1,3,3,At Risk
8799,14732.0,1,3,3,At Risk
8846,14738.0,1,3,3,At Risk
8847,14738.0,1,3,3,At Risk
8848,14739.0,5,1,1,New
8849,14739.0,5,1,1,New
8850,14739.0,5,1,1,New
8851,14739.0,5,1,1,New
8855,14739.0,1,1,1,Lost
8856,14739.0,1,1,1,Lost
8862,14741.0,4,4,4,Loyal
8863,14741.0,4,4,4,Loyal
8890,14752.0,5,5,5,High Value
8911,14757.0,5,5,5,High Value
8918,14759.0,4,4,4,Loyal
8925,14764.0,5,5,5,High Value
8927,14765.0,5,5,5,High Value
8935,14766.0,1,3,3,At Risk
8936,14766.0,1,3,3,At Risk
8937,14766.0,1,3,3,At Risk
8942,14769.0,5,1,1,New
8949,14769.0,1,1,1,Lost
8950,14769.0,1,1,1,Lost
8951,14769.0,1,1,1,Lost
8971,14777.0,5,5,5,High Value
8983,14784.0,5,5,5,High Value
8985,14785.0,5,5,5,High Value
8986,14785.0,5,5,5,High Value
8987,14788.0,5,5,5,High Value
8988,14788.0,5,5,5,High Value
8989,14789.0,5,5,5,High Value
8996,14793.0,5,5,5,High Value
8997,14793.0,5,5,5,High Value
9008,14796.0,5,1,1,New
9009,14796.0,5,1,1,New
9020,14796.0,1,1,1,Lost
9021,14796.0,1,1,1,Lost
9022,14796.0,1,1,1,Lost
9023,14796.0,1,1,1,Lost
9024,14796.0,1,1,1,Lost
9046,14804.0,5,5,5,High Value
9074,14815.0,4,4,4,Loyal
9085,14820.0,5,5,5,High Value
9086,14820.0,5,5,5,High Value
9094,14824.0,5,5,5,High Value
9095,14824.0,5,5,5,High Value
9123,14834.0,4,4,4,Loyal
9124,14834.0,4,4,4,Loyal
9125,14834.0,4,4,4,Loyal
9129,14836.0,5,5,5,High Value
9130,14836.0,5,5,5,High Value
9151,14842.0,1,3,3,At Risk
9152,14842.0,1,3,3,At Risk
9160,14849.0,5,1,1,New
9161,14849.0,5,1,1,New
9172,14849.0,1,1,1,Lost
9173,14849.0,1,1,1,Lost
9174,14849.0,1,1,1,Lost
9175,14849.0,1,1,1,Lost
9176,14849.0,1,1,1,Lost
9179,14851.0,5,5,5,High Value
9186,14853.0,5,5,5,High Value
9187,14853.0,5,5,5,High Value
9199,14856.0,4,4,4,Loyal
9206,14859.0,4,4,4,Loyal
9209,14860.0,5,5,5,High Value
9210,14860.0,5,5,5,High Value
9214,14863.0,5,5,5,High Value
9215,14865.0,5,5,5,High Value
9244,14869.0,4,4,4,Loyal
9252,14875.0,4,4,4,Loyal
9258,14878.0,4,3,4,Potential
9266,14880.0,4,4,4,Loyal
9269,14881.0,5,5,5,High Value
9270,14882.0,5,5,5,High Value
9271,14882.0,5,5,5,High Value
9278,14883.0,1,3,3,At Risk
9279,14883.0,1,3,3,At Risk
9291,14895.0,5,1,1,New
9292,14895.0,5,1,1,New
9293,14895.0,5,1,1,New
9294,14895.0,5,1,1,New
9304,14895.0,1,1,1,Lost
9305,14895.0,1,1,1,Lost
9317,14898.0,1,3,3,At Risk
9318,14898.0,1,3,3,At Risk
9319,14898.0,1,3,3,At Risk
9320,14898.0,1,3,3,At Risk
9321,14898.0,1,3,3,At Risk
9324,14901.0,4,4,4,Loyal
9325,14901.0,4,4,4,Loyal
9326,14901.0,4,4,4,Loyal
9331,14902.0,5,5,5,High Value
9332,14902.0,5,5,5,High Value
9355,14907.0,1,3,3,At Risk
9356,14907.0,1,3,3,At Risk
9358,14910.0,5,5,5,High Value
9359,14910.0,5,5,5,High Value
9360,14910.0,5,5,5,High Value
9363,14911.0,5,1,1,New
9364,14911.0,5,1,1,New
9365,14911.0,5,1,1,New
9366,14911.0,5,1,1,New
9367,14911.0,5,1,1,New
9368,14911.0,5,1,1,New
9369,14911.0,5,1,1,New
9370,14911.0,5,1,1,New
9371,14911.0,5,1,1,New
9372,14911.0,5,1,1,New
9373,14911.0,5,1,1,New
9374,14911.0,5,1,1,New
9375,14911.0,5,1,1,New
9376,14911.0,5,1,1,New
9377,14911.0,5,1,1,New
9378,14911.0,5,1,1,New
9379,14911.0,5,1,1,New
9380,14911.0,5,1,1,New
9381,14911.0,5,1,1,New
9382,14911.0,5,1,1,New
9383,14911.0,5,1,1,New
9384,14911.0,5,1,1,New
9385,14911.0,5,1,1,New
9386,14911.0,5,1,1,New
9387,14911.0,5,1,1,New
9388,14911.0,5,1,1,New
9389,14911.0,5,1,1,New
9390,14911.0,5,1,1,New
9391,14911.0,5,1,1,New
9392,14911.0,5,1,1,New
9483,14911.0,1,1,1,Lost
9484,14911.0,1,1,1,Lost
9485,14911.0,1,1,1,Lost
9486,14911.0,1,1,1,Lost
9487,14911.0,1,1,1,Lost
9488,14911.0,1,1,1,Lost
9489,14911.0,1,1,1,Lost
9490,14911.0,1,1,1,Lost
9491,14911.0,1,1,1,Lost
9492,14911.0,1,1,1,Lost
9493,14911.0,1,1,1,Lost
9494,14911.0,1,1,1,Lost
9495,14911.0,1,1,1,Lost
9496,14911.0,1,1,1,Lost
9497,14911.0,1,1,1,Lost
9498,14911.0,1,1,1,Lost
9499,14911.0,1,1,1,Lost
9500,14911.0,1,1,1,Lost
9501,14911.0,1,1,1,Lost
9502,14911.0,1,1,1,Lost
9503,14911.0,1,1,1,Lost
9504,14911.0,1,1,1,Lost
9505,14911.0,1,1,1,Lost
9527,14923.0,4,4,4,Loyal
9529,14929.0,5,5,5,High Value
9544,14936.0,5,1,1,New
9545,14936.0,5,1,1,New
9550,14936.0,1,1,1,Lost
9565,14946.0,5,5,5,High Value
9570,14948.0,4,4,4,Loyal
9571,14948.0,4,4,4,Loyal
9572,14948.0,4,4,4,Loyal
9576,14950.0,5,5,5,High Value
9577,14950.0,5,5,5,High Value
9598,14959.0,4,4,4,Loyal
9599,14959.0,4,4,4,Loyal
9600,14959.0,4,4,4,Loyal
9603,14960.0,5,5,5,High Value
9625,14966.0,5,5,5,High Value
9626,14967.0,4,3,4,Potential
9628,14968.0,5,5,5,High Value
9640,14974.0,5,5,5,High Value
9656,14984.0,5,5,5,High Value
9661,14987.0,5,5,5,High Value
9685,15005.0,5,1,1,New
9686,15005.0,5,1,1,New
9687,15005.0,5,1,1,New
9688,15005.0,5,1,1,New
9709,15005.0,1,1,1,Lost
9710,15005.0,1,1,1,Lost
9711,15005.0,1,1,1,Lost
9712,15005.0,1,1,1,Lost
9724,15014.0,5,5,5,High Value
9727,15017.0,5,5,5,High Value
9728,15018.0,5,5,5,High Value
9746,15022.0,4,3,4,Potential
9760,15024.0,4,3,4,Potential
9761,15024.0,4,3,4,Potential
9816,15039.0,5,1,1,New
9817,15039.0,5,1,1,New
9818,15039.0,5,1,1,New
9819,15039.0,5,1,1,New
9820,15039.0,5,1,1,New
9848,15039.0,1,1,1,Lost
9849,15039.0,1,1,1,Lost
9850,15039.0,1,1,1,Lost
9851,15039.0,1,1,1,Lost
9852,15039.0,1,1,1,Lost
9853,15039.0,1,1,1,Lost
9854,15039.0,1,1,1,Lost
9855,15039.0,1,1,1,Lost
9856,15039.0,1,1,1,Lost
9857,15039.0,1,1,1,Lost
9862,15043.0,5,5,5,High Value
9933,15061.0,5,1,1,New
9934,15061.0,5,1,1,New
9935,15061.0,5,1,1,New
9936,15061.0,5,1,1,New
9954,15061.0,1,1,1,Lost
9955,15061.0,1,1,1,Lost
9956,15061.0,1,1,1,Lost
9957,15061.0,1,1,1,Lost
9958,15061.0,1,1,1,Lost
9959,15061.0,1,1,1,Lost
9960,15061.0,1,1,1,Lost
9961,15061.0,1,1,1,Lost
9962,15061.0,1,1,1,Lost
9963,15061.0,1,1,1,Lost
9964,15061.0,1,1,1,Lost
9965,15062.0,4,4,4,Loyal
9992,15076.0,4,4,4,Loyal
9994,15078.0,5,1,1,New
9995,15078.0,5,1,1,New
9996,15078.0,5,1,1,New
10013,15078.0,1,1,1,Lost
10014,15078.0,1,1,1,Lost
10015,15078.0,1,1,1,Lost
10016,15078.0,1,1,1,Lost
10017,15078.0,1,1,1,Lost
10018,15078.0,1,1,1,Lost
10019,15078.0,1,1,1,Lost
10038,15088.0,4,4,4,Loyal
10065,15096.0,5,5,5,High Value
10066,15097.0,5,5,5,High Value
10075,15101.0,5,5,5,High Value
10078,15103.0,5,5,5,High Value
10110,15110.0,5,5,5,High Value
10111,15110.0,5,5,5,High Value
10112,15110.0,5,5,5,High Value
10118,15111.0,4,4,4,Loyal
10134,15115.0,5,5,5,High Value
10136,15116.0,4,4,4,Loyal
10151,15122.0,4,4,4,Loyal
10152,15122.0,4,4,4,Loyal
10159,15124.0,5,5,5,High Value
10200,15132.0,4,4,4,Loyal
10201,15132.0,4,4,4,Loyal
10210,15134.0,4,4,4,Loyal
10219,15136.0,4,4,4,Loyal
10220,15136.0,4,4,4,Loyal
10258,15148.0,5,5,5,High Value
10286,15153.0,5,5,5,High Value
10297,15158.0,5,5,5,High Value
10298,15159.0,5,1,1,New
10299,15159.0,5,1,1,New
10300,15159.0,5,1,1,New
10301,15159.0,5,1,1,New
10302,15159.0,5,1,1,New
10318,15159.0,1,1,1,Lost
10319,15159.0,1,1,1,Lost
10320,15159.0,1,1,1,Lost
10323,15163.0,5,5,5,High Value
10328,15164.0,1,3,3,At Risk
10331,15168.0,5,5,5,High Value
10480,15203.0,1,3,3,At Risk
10484,15206.0,5,5,5,High Value
10491,15208.0,4,3,4,Potential
10492,15208.0,4,3,4,Potential
10513,15215.0,4,4,4,Loyal
10514,15215.0,4,4,4,Loyal
10539,15220.0,1,3,3,At Risk
10571,15235.0,1,3,3,At Risk
10572,15235.0,1,3,3,At Risk
10573,15235.0,1,3,3,At Risk
10574,15235.0,1,3,3,At Risk
10575,15235.0,1,3,3,At Risk
10576,15235.0,1,3,3,At Risk
10577,15235.0,1,3,3,At Risk
10585,15238.0,4,4,4,Loyal
10591,15239.0,4,4,4,Loyal
10592,15239.0,4,4,4,Loyal
10651,15253.0,4,4,4,Loyal
10652,15253.0,4,4,4,Loyal
10656,15255.0,4,4,4,Loyal
10682,15269.0,5,5,5,High Value
10726,15281.0,1,3,3,At Risk
10727,15281.0,1,3,3,At Risk
10728,15281.0,1,3,3,At Risk
10840,15311.0,5,1,1,New
10841,15311.0,5,1,1,New
10842,15311.0,5,1,1,New
10843,15311.0,5,1,1,New
10844,15311.0,5,1,1,New
10845,15311.0,5,1,1,New
10846,15311.0,5,1,1,New
10847,15311.0,5,1,1,New
10848,15311.0,5,1,1,New
10849,15311.0,5,1,1,New
10850,15311.0,5,1,1,New
10851,15311.0,5,1,1,New
10852,15311.0,5,1,1,New
10853,15311.0,5,1,1,New
10854,15311.0,5,1,1,New
10904,15311.0,1,1,1,Lost
10905,15311.0,1,1,1,Lost
10906,15311.0,1,1,1,Lost
10907,15311.0,1,1,1,Lost
10908,15311.0,1,1,1,Lost
10909,15311.0,1,1,1,Lost
10910,15311.0,1,1,1,Lost
10911,15311.0,1,1,1,Lost
10912,15311.0,1,1,1,Lost
10913,15311.0,1,1,1,Lost
10914,15311.0,1,1,1,Lost
10915,15311.0,1,1,1,Lost
10916,15311.0,1,1,1,Lost
10917,15311.0,1,1,1,Lost
10918,15311.0,1,1,1,Lost
10919,15311.0,1,1,1,Lost
10920,15311.0,1,1,1,Lost
10921,15311.0,1,1,1,Lost
10922,15311.0,1,1,1,Lost
10923,15311.0,1,1,1,Lost
10924,15311.0,1,1,1,Lost
10925,15311.0,1,1,1,Lost
10926,15311.0,1,1,1,Lost
10927,15311.0,1,1,1,Lost
10928,15311.0,1,1,1,Lost
10929,15311.0,1,1,1,Lost
10930,15311.0,1,1,1,Lost
10931,15312.0,4,4,4,Loyal
10932,15312.0,4,4,4,Loyal
10935,15313.0,5,5,5,High Value
10944,15318.0,5,5,5,High Value
10947,15320.0,5,5,5,High Value
10950,15321.0,1,3,3,At Risk
10951,15322.0,4,4,4,Loyal
10952,15322.0,4,4,4,Loyal
10976,15339.0,4,3,4,Potential
10989,15345.0,5,5,5,High Value
10990,15345.0,5,5,5,High Value
11007,15355.0,5,5,5,High Value
11019,15358.0,5,1,1,New
11020,15358.0,5,1,1,New
11021,15358.0,5,1,1,New
11035,15358.0,1,1,1,Lost
11036,15358.0,1,1,1,Lost
11037,15358.0,1,1,1,Lost
11038,15358.0,1,1,1,Lost
11039,15358.0,1,1,1,Lost
11040,15358.0,1,1,1,Lost
11041,15360.0,5,5,5,High Value
11042,15361.0,5,5,5,High Value
11053,15365.0,1,3,3,At Risk
11054,15366.0,4,4,4,Loyal
11060,15368.0,5,5,5,High Value
11114,15385.0,5,5,5,High Value
11125,15393.0,5,5,5,High Value
11128,15394.0,4,4,4,Loyal
11135,15398.0,4,4,4,Loyal
11136,15398.0,4,4,4,Loyal
11139,15399.0,4,4,4,Loyal
11169,15411.0,4,4,4,Loyal
11170,15411.0,4,4,4,Loyal
11174,15414.0,5,5,5,High Value
11175,15414.0,5,5,5,High Value
11183,15417.0,4,3,4,Potential
11185,15419.0,5,5,5,High Value
11187,15421.0,4,4,4,Loyal
11191,15423.0,5,5,5,High Value
11201,15428.0,5,5,5,High Value
11204,15431.0,5,5,5,High Value
11205,15432.0,5,5,5,High Value
11216,15435.0,5,5,5,High Value
11239,15448.0,1,3,3,At Risk
11240,15448.0,1,3,3,At Risk
11242,15449.0,4,4,4,Loyal
11263,15458.0,5,5,5,High Value
11268,15463.0,5,5,5,High Value
11293,15468.0,5,5,5,High Value
11294,15468.0,5,5,5,High Value
11297,15469.0,5,5,5,High Value
11313,15478.0,4,4,4,Loyal
11339,15489.0,4,4,4,Loyal
11361,15498.0,5,1,1,New
11362,15498.0,5,1,1,New
11363,15498.0,5,1,1,New
11376,15498.0,1,1,1,Lost
11377,15498.0,1,1,1,Lost
11378,15498.0,1,1,1,Lost
11379,15498.0,1,1,1,Lost
11383,15500.0,4,4,4,Loyal
11465,15520.0,5,5,5,High Value
11477,15522.0,4,4,4,Loyal
11479,15523.0,4,4,4,Loyal
11481,15524.0,5,5,5,High Value
11487,15526.0,5,5,5,High Value
11494,15527.0,1,3,3,At Risk
11495,15527.0,1,3,3,At Risk
11521,15534.0,4,4,4,Loyal
11530,15539.0,5,5,5,High Value
11531,15540.0,5,5,5,High Value
11549,15547.0,5,1,1,New
11550,15547.0,5,1,1,New
11559,15547.0,1,1,1,Lost
11560,15547.0,1,1,1,Lost
11561,15547.0,1,1,1,Lost
11562,15549.0,4,3,4,Potential
11570,15551.0,5,5,5,High Value
11572,15553.0,4,4,4,Loyal
11574,15555.0,5,1,1,New
11575,15555.0,5,1,1,New
11576,15555.0,5,1,1,New
11587,15555.0,1,1,1,Lost
11588,15555.0,1,1,1,Lost
11589,15555.0,1,1,1,Lost
11590,15556.0,5,5,5,High Value
11591,15557.0,5,5,5,High Value
11592,15561.0,5,5,5,High Value
11601,15563.0,1,3,3,At Risk
11606,15567.0,5,5,5,High Value
11658,15582.0,4,4,4,Loyal
11682,15596.0,4,4,4,Loyal
11691,15597.0,5,5,5,High Value
11692,15597.0,5,5,5,High Value
11693,15598.0,5,5,5,High Value
11699,15601.0,5,1,1,New
11707,15601.0,1,1,1,Lost
11708,15601.0,1,1,1,Lost
11709,15601.0,1,1,1,Lost
11710,15601.0,1,1,1,Lost
11711,15601.0,1,1,1,Lost
11712,15601.0,1,1,1,Lost
11713,15601.0,1,1,1,Lost
11714,15601.0,1,1,1,Lost
11715,15601.0,1,1,1,Lost
11730,15605.0,4,4,4,Loyal
11747,15608.0,4,4,4,Loyal
11765,15612.0,5,5,5,High Value
11767,15615.0,5,1,1,New
11768,15615.0,5,1,1,New
11769,15615.0,5,1,1,New
11784,15615.0,1,1,1,Lost
11785,15615.0,1,1,1,Lost
11786,15615.0,1,1,1,Lost
11788,15618.0,4,4,4,Loyal
11789,15618.0,4,4,4,Loyal
11791,15619.0,5,5,5,High Value
11797,15620.0,1,3,3,At Risk
11827,15625.0,1,3,3,At Risk
11828,15626.0,4,4,4,Loyal
11856,15634.0,5,5,5,High Value
11864,15640.0,5,1,1,New
11865,15640.0,5,1,1,New
11866,15640.0,5,1,1,New
11875,15640.0,1,1,1,Lost
11876,15640.0,1,1,1,Lost
11877,15640.0,1,1,1,Lost
11878,15640.0,1,1,1,Lost
11879,15640.0,1,1,1,Lost
11883,15641.0,1,3,3,At Risk
11884,15641.0,1,3,3,At Risk
11920,15657.0,5,5,5,High Value
11945,15667.0,5,5,5,High Value
11947,15669.0,5,5,5,High Value
11965,15673.0,1,3,3,At Risk
11982,15677.0,5,5,5,High Value
11990,15679.0,1,3,3,At Risk
12009,15687.0,1,3,3,At Risk
12010,15687.0,1,3,3,At Risk
12011,15687.0,1,3,3,At Risk
12012,15687.0,1,3,3,At Risk
12015,15690.0,5,5,5,High Value
12019,15692.0,5,5,5,High Value
12046,15696.0,1,3,3,At Risk
12047,15696.0,1,3,3,At Risk
12048,15696.0,1,3,3,At Risk
12049,15699.0,5,5,5,High Value
12084,15712.0,4,4,4,Loyal
12085,15712.0,4,4,4,Loyal
12125,15724.0,5,5,5,High Value
12129,15725.0,5,5,5,High Value
12154,15737.0,4,4,4,Loyal
12155,15737.0,4,4,4,Loyal
12179,15739.0,4,4,4,Loyal
12194,15745.0,4,4,4,Loyal
12195,15745.0,4,4,4,Loyal
12201,15748.0,5,5,5,High Value
12202,15748.0,5,5,5,High Value
12233,15755.0,1,3,3,At Risk
12238,15757.0,4,4,4,Loyal
12242,15759.0,5,5,5,High Value
12288,15773.0,5,5,5,High Value
12301,15781.0,5,5,5,High Value
12306,15782.0,4,4,4,Loyal
12307,15782.0,4,4,4,Loyal
12308,15782.0,4,4,4,Loyal
12309,15783.0,5,5,5,High Value
12325,15790.0,5,5,5,High Value
12337,15796.0,4,3,4,Potential
12338,15796.0,4,3,4,Potential
12352,15801.0,4,4,4,Loyal
12353,15801.0,4,4,4,Loyal
12354,15801.0,4,4,4,Loyal
12355,15801.0,4,4,4,Loyal
12395,15807.0,4,4,4,Loyal
12396,15807.0,4,4,4,Loyal
12401,15809.0,5,5,5,High Value
12402,15809.0,5,5,5,High Value
12407,15810.0,4,3,4,Potential
12408,15810.0,4,3,4,Potential
12419,15811.0,1,3,3,At Risk
12420,15811.0,1,3,3,At Risk
12421,15811.0,1,3,3,At Risk
12422,15811.0,1,3,3,At Risk
12447,15820.0,4,3,4,Potential
12451,15822.0,5,5,5,High Value
12496,15836.0,5,5,5,High Value
12498,15837.0,4,4,4,Loyal
12499,15837.0,4,4,4,Loyal
12520,15839.0,4,4,4,Loyal
12560,15854.0,4,3,4,Potential
12574,15856.0,5,1,1,New
12575,15856.0,5,1,1,New
12576,15856.0,5,1,1,New
12591,15856.0,1,1,1,Lost
12592,15856.0,1,1,1,Lost
12593,15856.0,1,1,1,Lost
12594,15856.0,1,1,1,Lost
12595,15857.0,5,5,5,High Value
12600,15858.0,1,3,3,At Risk
12601,15858.0,1,3,3,At Risk
12603,15860.0,4,3,4,Potential
12604,15860.0,4,3,4,Potential
12621,15863.0,5,5,5,High Value
12709,15904.0,5,5,5,High Value
12712,15906.0,4,3,4,Potential
12733,15916.0,4,3,4,Potential
12752,15927.0,4,4,4,Loyal
12769,15933.0,4,4,4,Loyal
12770,15933.0,4,4,4,Loyal
12802,15949.0,5,5,5,High Value
12809,15951.0,5,5,5,High Value
12810,15951.0,5,5,5,High Value
12813,15952.0,4,4,4,Loyal
12818,15953.0,4,3,4,Potential
12819,15953.0,4,3,4,Potential
12839,15963.0,5,5,5,High Value
12840,15963.0,5,5,5,High Value
12846,15969.0,5,5,5,High Value
12847,15969.0,5,5,5,High Value
12878,15978.0,4,4,4,Loyal
12891,15983.0,1,3,3,At Risk
12892,15983.0,1,3,3,At Risk
12893,15983.0,1,3,3,At Risk
12907,15985.0,1,3,3,At Risk
12908,15986.0,5,5,5,High Value
12914,15987.0,1,3,3,At Risk
12915,15988.0,5,5,5,High Value
12919,15992.0,5,5,5,High Value
12928,15996.0,4,3,4,Potential
12943,16003.0,1,3,3,At Risk
12952,16008.0,5,5,5,High Value
13019,16015.0,4,3,4,Potential
13028,16018.0,5,5,5,High Value
13047,16025.0,5,5,5,High Value
13048,16026.0,5,5,5,High Value
13094,16031.0,4,4,4,Loyal
13117,16036.0,4,4,4,Loyal
13122,16038.0,5,5,5,High Value
13126,16040.0,4,4,4,Loyal
13133,16042.0,4,4,4,Loyal
13134,16042.0,4,4,4,Loyal
13163,16057.0,4,3,4,Potential
13168,16059.0,4,3,4,Potential
13169,16059.0,4,3,4,Potential
13189,16071.0,5,5,5,High Value
13220,16085.0,4,3,4,Potential
13221,16085.0,4,3,4,Potential
13232,16092.0,4,4,4,Loyal
13233,16092.0,4,4,4,Loyal
13246,16098.0,4,4,4,Loyal
13257,16101.0,4,4,4,Loyal
13258,16101.0,4,4,4,Loyal
13263,16103.0,4,4,4,Loyal
13279,16108.0,4,4,4,Loyal
13322,16127.0,5,5,5,High Value
13336,16133.0,5,1,1,New
13337,16133.0,5,1,1,New
13338,16133.0,5,1,1,New
13339,16133.0,5,1,1,New
13340,16133.0,5,1,1,New
13341,16133.0,5,1,1,New
13373,16133.0,1,1,1,Lost
13374,16133.0,1,1,1,Lost
13375,16133.0,1,1,1,Lost
13376,16133.0,1,1,1,Lost
13377,16134.0,5,5,5,High Value
13384,16137.0,4,3,4,Potential
13386,16139.0,5,5,5,High Value
13397,16143.0,1,3,3,At Risk
13398,16143.0,1,3,3,At Risk
13399,16143.0,1,3,3,At Risk
13400,16143.0,1,3,3,At Risk
13425,16149.0,5,5,5,High Value
13436,16150.0,1,3,3,At Risk
13437,16150.0,1,3,3,At Risk
13438,16150.0,1,3,3,At Risk
13445,16154.0,5,5,5,High Value
13458,16156.0,1,3,3,At Risk
13459,16157.0,5,5,5,High Value
13460,16157.0,5,5,5,High Value
13537,16172.0,4,4,4,Loyal
13544,16173.0,4,4,4,Loyal
13545,16173.0,4,4,4,Loyal
13546,16173.0,4,4,4,Loyal
13550,16175.0,4,3,4,Potential
13568,16181.0,5,5,5,High Value
13576,16184.0,4,4,4,Loyal
13577,16184.0,4,4,4,Loyal
13578,16184.0,4,4,4,Loyal
13579,16184.0,4,4,4,Loyal
13583,16185.0,5,5,5,High Value
13596,16187.0,5,1,1,New
13609,16187.0,1,1,1,Lost
13614,16189.0,5,5,5,High Value
13616,16190.0,5,5,5,High Value
13638,16197.0,5,5,5,High Value
13647,16201.0,1,3,3,At Risk
13657,16205.0,4,4,4,Loyal
13659,16206.0,4,3,4,Potential
13693,16212.0,5,5,5,High Value
13760,16240.0,5,1,1,New
13761,16240.0,5,1,1,New
13762,16240.0,5,1,1,New
13765,16240.0,1,1,1,Lost
13845,16266.0,4,4,4,Loyal
13851,16268.0,4,4,4,Loyal
13862,16278.0,5,5,5,High Value
13868,16279.0,1,3,3,At Risk
13877,16284.0,4,3,4,Potential
13879,16289.0,5,5,5,High Value
13880,16290.0,5,5,5,High Value
13891,16293.0,1,3,3,At Risk
13922,16309.0,4,4,4,Loyal
13923,16309.0,4,4,4,Loyal
13925,16311.0,5,5,5,High Value
13927,16313.0,5,5,5,High Value
13939,16316.0,1,3,3,At Risk
13940,16316.0,1,3,3,At Risk
13944,16318.0,5,5,5,High Value
13951,16322.0,5,5,5,High Value
13952,16322.0,5,5,5,High Value
13956,16325.0,5,5,5,High Value
13981,16330.0,5,5,5,High Value
13986,16332.0,4,3,4,Potential
13987,16332.0,4,3,4,Potential
14008,16340.0,4,3,4,Potential
14032,16350.0,4,4,4,Loyal
14033,16350.0,4,4,4,Loyal
14037,16352.0,5,5,5,High Value
14038,16352.0,5,5,5,High Value
14039,16352.0,5,5,5,High Value
14065,16357.0,5,5,5,High Value
14093,16361.0,4,3,4,Potential
14114,16367.0,1,3,3,At Risk
14139,16383.0,4,4,4,Loyal
14224,16407.0,1,3,3,At Risk
14225,16407.0,1,3,3,At Risk
14226,16407.0,1,3,3,At Risk
14236,16414.0,5,5,5,High Value
14242,16416.0,4,4,4,Loyal
14246,16419.0,4,4,4,Loyal
14252,16422.0,5,1,1,New
14253,16422.0,5,1,1,New
14254,16422.0,5,1,1,New
14255,16422.0,5,1,1,New
14256,16422.0,5,1,1,New
14295,16422.0,1,1,1,Lost
14296,16422.0,1,1,1,Lost
14297,16422.0,1,1,1,Lost
14298,16422.0,1,1,1,Lost
14299,16422.0,1,1,1,Lost
14300,16422.0,1,1,1,Lost
14301,16422.0,1,1,1,Lost
14302,16422.0,1,1,1,Lost
14303,16422.0,1,1,1,Lost
14304,16422.0,1,1,1,Lost
14305,16422.0,1,1,1,Lost
14306,16422.0,1,1,1,Lost
14307,16422.0,1,1,1,Lost
14308,16423.0,5,5,5,High Value
14327,16433.0,5,5,5,High Value
14330,16434.0,4,3,4,Potential
14331,16434.0,4,3,4,Potential
14341,16438.0,4,3,4,Potential
14352,16444.0,4,4,4,Loyal
14353,16444.0,4,4,4,Loyal
14373,16456.0,4,3,4,Potential
14374,16456.0,4,3,4,Potential
14398,16460.0,4,3,4,Potential
14399,16460.0,4,3,4,Potential
14417,16466.0,4,3,4,Potential
14418,16466.0,4,3,4,Potential
14428,16470.0,4,3,4,Potential
14454,16477.0,1,3,3,At Risk
14455,16477.0,1,3,3,At Risk
14456,16477.0,1,3,3,At Risk
14457,16478.0,5,5,5,High Value
14460,16479.0,5,5,5,High Value
14461,16480.0,4,4,4,Loyal
14463,16482.0,5,5,5,High Value
14481,16493.0,1,3,3,At Risk
14482,16493.0,1,3,3,At Risk
14490,16496.0,1,3,3,At Risk
14491,16496.0,1,3,3,At Risk
14496,16497.0,1,3,3,At Risk
14497,16497.0,1,3,3,At Risk
14498,16497.0,1,3,3,At Risk
14513,16503.0,4,4,4,Loyal
14521,16506.0,5,5,5,High Value
14522,16506.0,5,5,5,High Value
14538,16515.0,4,3,4,Potential
14539,16515.0,4,3,4,Potential
14543,16516.0,5,5,5,High Value
14548,16519.0,5,5,5,High Value
14610,16528.0,5,5,5,High Value
14624,16533.0,4,3,4,Potential
14625,16533.0,4,3,4,Potential
14626,16533.0,4,3,4,Potential
14629,16535.0,5,5,5,High Value
14639,16540.0,4,3,4,Potential
14643,16546.0,1,3,3,At Risk
14644,16546.0,1,3,3,At Risk
14645,16546.0,1,3,3,At Risk
14681,16555.0,5,5,5,High Value
14690,16557.0,5,5,5,High Value
14692,16558.0,5,1,1,New
14693,16558.0,5,1,1,New
14694,16558.0,5,1,1,New
14710,16558.0,1,1,1,Lost
14711,16558.0,1,1,1,Lost
14712,16558.0,1,1,1,Lost
14713,16558.0,1,1,1,Lost
14714,16558.0,1,1,1,Lost
14718,16561.0,5,5,5,High Value
14723,16566.0,5,5,5,High Value
14733,16569.0,5,5,5,High Value
14768,16584.0,4,4,4,Loyal
14775,16588.0,5,5,5,High Value
14780,16592.0,5,1,1,New
14781,16592.0,5,1,1,New
14782,16592.0,5,1,1,New
14783,16592.0,5,1,1,New
14791,16592.0,1,1,1,Lost
14792,16592.0,1,1,1,Lost
14793,16592.0,1,1,1,Lost
14799,16596.0,5,5,5,High Value
14802,16597.0,5,5,5,High Value
14811,16601.0,5,5,5,High Value
14851,16616.0,5,5,5,High Value
14862,16620.0,5,5,5,High Value
14869,16624.0,4,4,4,Loyal
14898,16629.0,4,4,4,Loyal
14899,16629.0,4,4,4,Loyal
14943,16648.0,5,5,5,High Value
14944,16648.0,5,5,5,High Value
14956,16653.0,4,4,4,Loyal
14957,16653.0,4,4,4,Loyal
15000,16665.0,4,3,4,Potential
15003,16666.0,5,5,5,High Value
15016,16669.0,4,3,4,Potential
15060,16676.0,4,3,4,Potential
15081,16680.0,5,5,5,High Value
15128,16690.0,5,5,5,High Value
15232,16713.0,5,1,1,New
15233,16713.0,5,1,1,New
15245,16713.0,1,1,1,Lost
15246,16713.0,1,1,1,Lost
15247,16713.0,1,1,1,Lost
15248,16713.0,1,1,1,Lost
15274,16720.0,5,5,5,High Value
15303,16726.0,1,3,3,At Risk
15304,16726.0,1,3,3,At Risk
15310,16729.0,5,1,1,New
15311,16729.0,5,1,1,New
15312,16729.0,5,1,1,New
15332,16729.0,1,1,1,Lost
15337,16732.0,5,5,5,High Value
15345,16735.0,1,3,3,At Risk
15384,16746.0,5,1,1,New
15385,16746.0,5,1,1,New
15386,16746.0,5,1,1,New
15387,16746.0,5,1,1,New
15398,16746.0,1,1,1,Lost
15399,16746.0,1,1,1,Lost
15400,16746.0,1,1,1,Lost
15403,16747.0,4,4,4,Loyal
15404,16747.0,4,4,4,Loyal
15421,16755.0,1,3,3,At Risk
15422,16756.0,4,3,4,Potential
15463,16770.0,4,3,4,Potential
15481,16775.0,4,3,4,Potential
15482,16775.0,4,3,4,Potential
15520,16780.0,4,3,4,Potential
15544,16784.0,5,5,5,High Value
15548,16789.0,5,5,5,High Value
15576,16797.0,4,3,4,Potential
15584,16803.0,5,5,5,High Value
15591,16806.0,4,4,4,Loyal
15678,16824.0,5,5,5,High Value
15685,16828.0,5,5,5,High Value
15688,16830.0,5,5,5,High Value
15700,16836.0,5,5,5,High Value
15702,16837.0,5,1,1,New
15703,16837.0,5,1,1,New
15762,16842.0,4,4,4,Loyal
15763,16842.0,4,4,4,Loyal
15766,16843.0,5,1,1,New
15776,16843.0,1,1,1,Lost
15777,16843.0,1,1,1,Lost
15778,16843.0,1,1,1,Lost
15781,16847.0,5,5,5,High Value
15785,16851.0,5,5,5,High Value
15786,16851.0,5,5,5,High Value
15788,16852.0,5,5,5,High Value
15790,16855.0,5,5,5,High Value
15791,16855.0,5,5,5,High Value
15796,16859.0,4,4,4,Loyal
15818,16869.0,4,3,4,Potential
15846,16875.0,1,3,3,At Risk
15847,16875.0,1,3,3,At Risk
15848,16875.0,1,3,3,At Risk
15855,16878.0,5,5,5,High Value
15858,16880.0,4,3,4,Potential
15867,16883.0,5,5,5,High Value
15870,16884.0,5,5,5,High Value
15874,16887.0,5,5,5,High Value
15877,16889.0,1,3,3,At Risk
15903,16899.0,1,3,3,At Risk
15904,16899.0,1,3,3,At Risk
15908,16900.0,4,4,4,Loyal
15958,16912.0,1,3,3,At Risk
15959,16912.0,1,3,3,At Risk
15961,16914.0,5,5,5,High Value
15977,16918.0,1,3,3,At Risk
16010,16924.0,4,4,4,Loyal
16011,16924.0,4,4,4,Loyal
16039,16929.0,4,4,4,Loyal
16071,16934.0,4,4,4,Loyal
16126,16953.0,5,5,5,High Value
16140,16956.0,5,5,5,High Value
16141,16956.0,5,5,5,High Value
16161,16968.0,5,5,5,High Value
16177,16979.0,4,4,4,Loyal
16209,16987.0,4,3,4,Potential
16213,16988.0,5,5,5,High Value
16224,16992.0,4,4,4,Loyal
16231,16996.0,4,4,4,Loyal
16245,16999.0,5,5,5,High Value
16258,17002.0,4,4,4,Loyal
16259,17002.0,4,4,4,Loyal
16262,17004.0,4,4,4,Loyal
16263,17004.0,4,4,4,Loyal
16264,17006.0,5,5,5,High Value
16265,17006.0,5,5,5,High Value
16266,17006.0,5,5,5,High Value
16268,17007.0,4,4,4,Loyal
16277,17010.0,5,5,5,High Value
16278,17010.0,5,5,5,High Value
16279,17011.0,5,5,5,High Value
16309,17018.0,5,5,5,High Value
16315,17022.0,5,5,5,High Value
16316,17024.0,5,5,5,High Value
16333,17031.0,5,5,5,High Value
16339,17034.0,5,5,5,High Value
16340,17034.0,5,5,5,High Value
16346,17037.0,4,4,4,Loyal
16347,17037.0,4,4,4,Loyal
16352,17041.0,4,4,4,Loyal
16372,17047.0,4,4,4,Loyal
16408,17058.0,4,4,4,Loyal
16433,17063.0,4,4,4,Loyal
16434,17063.0,4,4,4,Loyal
16472,17069.0,1,3,3,At Risk
16473,17069.0,1,3,3,At Risk
16474,17069.0,1,3,3,At Risk
16487,17071.0,1,3,3,At Risk
16488,17071.0,1,3,3,At Risk
16490,17073.0,4,3,4,Potential
16491,17073.0,4,3,4,Potential
16492,17073.0,4,3,4,Potential
16498,17076.0,5,5,5,High Value
16504,17080.0,5,5,5,High Value
16511,17083.0,4,4,4,Loyal
16528,17088.0,4,3,4,Potential
16589,17107.0,5,1,1,New
16590,17107.0,5,1,1,New
16613,17115.0,5,5,5,High Value
16621,17119.0,5,5,5,High Value
16638,17131.0,4,3,4,Potential
16639,17131.0,4,3,4,Potential
16656,17139.0,5,1,1,New
16657,17139.0,5,1,1,New
16667,17139.0,1,1,1,Lost
16671,17144.0,4,4,4,Loyal
16687,17153.0,5,5,5,High Value
16689,17155.0,5,5,5,High Value
16691,17157.0,5,5,5,High Value
16714,17162.0,1,3,3,At Risk
16715,17163.0,5,5,5,High Value
16724,17166.0,5,5,5,High Value
16729,17169.0,4,4,4,Loyal
16730,17169.0,4,4,4,Loyal
16734,17172.0,4,4,4,Loyal
16754,17179.0,4,3,4,Potential
16758,17180.0,4,3,4,Potential
16802,17197.0,5,5,5,High Value
16860,17219.0,5,5,5,High Value
16878,17227.0,4,4,4,Loyal
16879,17227.0,4,4,4,Loyal
16912,17232.0,5,5,5,High Value
16913,17232.0,5,5,5,High Value
16914,17233.0,5,5,5,High Value
16917,17235.0,5,5,5,High Value
16920,17236.0,4,3,4,Potential
16926,17237.0,5,5,5,High Value
16927,17237.0,5,5,5,High Value
16985,17253.0,5,5,5,High Value
17033,17287.0,4,3,4,Potential
17043,17288.0,1,3,3,At Risk
17044,17288.0,1,3,3,At Risk
17045,17288.0,1,3,3,At Risk
17058,17293.0,1,3,3,At Risk
17059,17293.0,1,3,3,At Risk
17063,17298.0,4,4,4,Loyal
17067,17299.0,4,4,4,Loyal
17068,17299.0,4,4,4,Loyal
17073,17302.0,4,4,4,Loyal
17077,17303.0,4,3,4,Potential
17097,17308.0,5,5,5,High Value
17121,17315.0,5,1,1,New
17122,17315.0,5,1,1,New
17123,17315.0,5,1,1,New
17124,17315.0,5,1,1,New
17125,17315.0,5,1,1,New
17150,17315.0,1,1,1,Lost
17151,17315.0,1,1,1,Lost
17152,17315.0,1,1,1,Lost
17153,17315.0,1,1,1,Lost
17154,17315.0,1,1,1,Lost
17155,17315.0,1,1,1,Lost
17156,17315.0,1,1,1,Lost
17162,17320.0,4,3,4,Potential
17167,17321.0,4,3,4,Potential
17184,17329.0,5,5,5,High Value
17186,17330.0,5,5,5,High Value
17189,17333.0,4,3,4,Potential
17210,17340.0,5,1,1,New
17211,17340.0,5,1,1,New
17220,17340.0,1,1,1,Lost
17221,17340.0,1,1,1,Lost
17252,17350.0,4,4,4,Loyal
17253,17351.0,5,5,5,High Value
17267,17359.0,5,5,5,High Value
17286,17365.0,5,1,1,New
17292,17365.0,1,1,1,Lost
17300,17368.0,1,3,3,At Risk
17301,17368.0,1,3,3,At Risk
17302,17368.0,1,3,3,At Risk
17320,17373.0,4,4,4,Loyal
17376,17384.0,5,5,5,High Value
17449,17401.0,5,5,5,High Value
17452,17402.0,4,4,4,Loyal
17453,17402.0,4,4,4,Loyal
17454,17402.0,4,4,4,Loyal
17455,17402.0,4,4,4,Loyal
17461,17403.0,5,5,5,High Value
17476,17405.0,4,4,4,Loyal
17477,17405.0,4,4,4,Loyal
17478,17405.0,4,4,4,Loyal
17480,17406.0,1,3,3,At Risk
17481,17406.0,1,3,3,At Risk
17482,17406.0,1,3,3,At Risk
17483,17408.0,4,4,4,Loyal
17489,17410.0,4,4,4,Loyal
17490,17410.0,4,4,4,Loyal
17492,17411.0,5,5,5,High Value
17498,17412.0,4,4,4,Loyal
17515,17418.0,5,5,5,High Value
17586,17430.0,5,5,5,High Value
17593,17434.0,5,1,1,New
17594,17434.0,5,1,1,New
17595,17434.0,5,1,1,New
17596,17434.0,5,1,1,New
17597,17434.0,5,1,1,New
17598,17434.0,5,1,1,New
17602,17434.0,1,1,1,Lost
17603,17434.0,1,1,1,Lost
17604,17434.0,1,1,1,Lost
17605,17436.0,5,5,5,High Value
17620,17442.0,1,3,3,At Risk
17621,17442.0,1,3,3,At Risk
17622,17442.0,1,3,3,At Risk
17675,17453.0,5,5,5,High Value
17692,17459.0,4,3,4,Potential
17713,17466.0,5,5,5,High Value
17715,17468.0,5,5,5,High Value
17716,17468.0,5,5,5,High Value
17718,17469.0,4,4,4,Loyal
17719,17469.0,4,4,4,Loyal
17738,17481.0,4,4,4,Loyal
17739,17481.0,4,4,4,Loyal
17744,17489.0,4,4,4,Loyal
17769,17495.0,5,5,5,High Value
17770,17495.0,5,5,5,High Value
17789,17503.0,5,5,5,High Value
17790,17503.0,5,5,5,High Value
17810,17510.0,5,5,5,High Value
17811,17511.0,5,1,1,New
17812,17511.0,5,1,1,New
17813,17511.0,5,1,1,New
17814,17511.0,5,1,1,New
17815,17511.0,5,1,1,New
17838,17511.0,1,1,1,Lost
17839,17511.0,1,1,1,Lost
17840,17511.0,1,1,1,Lost
17841,17511.0,1,1,1,Lost
17842,17511.0,1,1,1,Lost
17843,17511.0,1,1,1,Lost
17856,17513.0,4,3,4,Potential
17879,17520.0,4,3,4,Potential
17884,17521.0,4,4,4,Loyal
17905,17527.0,4,4,4,Loyal
17906,17527.0,4,4,4,Loyal
17907,17527.0,4,4,4,Loyal
17908,17527.0,4,4,4,Loyal
17939,17538.0,5,5,5,High Value
17942,17540.0,5,5,5,High Value
17943,17540.0,5,5,5,High Value
17957,17549.0,4,3,4,Potential
17962,17552.0,4,4,4,Loyal
17963,17552.0,4,4,4,Loyal
17976,17557.0,5,5,5,High Value
17977,17557.0,5,5,5,High Value
17987,17562.0,4,4,4,Loyal
17988,17562.0,4,4,4,Loyal
17989,17562.0,4,4,4,Loyal
18018,17573.0,5,5,5,High Value
18049,17581.0,5,1,1,New
18050,17581.0,5,1,1,New
18061,17581.0,1,1,1,Lost
18062,17581.0,1,1,1,Lost
18063,17581.0,1,1,1,Lost
18064,17581.0,1,1,1,Lost
18088,17591.0,1,3,3,At Risk
18089,17591.0,1,3,3,At Risk
18090,17591.0,1,3,3,At Risk
18091,17591.0,1,3,3,At Risk
18098,17594.0,4,4,4,Loyal
18113,17600.0,5,5,5,High Value
18114,17601.0,5,5,5,High Value
18157,17612.0,1,3,3,At Risk
18158,17612.0,1,3,3,At Risk
18187,17623.0,5,5,5,High Value
18202,17629.0,1,3,3,At Risk
18203,17629.0,1,3,3,At Risk
18206,17631.0,5,5,5,High Value
18210,17633.0,4,4,4,Loyal
18211,17633.0,4,4,4,Loyal
18212,17633.0,4,4,4,Loyal
18225,17636.0,5,5,5,High Value
18226,17636.0,5,5,5,High Value
18227,17637.0,5,5,5,High Value
18258,17648.0,4,4,4,Loyal
18333,17659.0,1,3,3,At Risk
18334,17659.0,1,3,3,At Risk
18335,17659.0,1,3,3,At Risk
18348,17663.0,1,3,3,At Risk
18361,17668.0,5,5,5,High Value
18362,17668.0,5,5,5,High Value
18389,17675.0,5,1,1,New
18390,17675.0,5,1,1,New
18391,17675.0,5,1,1,New
18392,17675.0,5,1,1,New
18393,17675.0,5,1,1,New
18394,17675.0,5,1,1,New
18421,17675.0,1,1,1,Lost
18422,17675.0,1,1,1,Lost
18423,17675.0,1,1,1,Lost
18424,17675.0,1,1,1,Lost
18425,17675.0,1,1,1,Lost
18426,17675.0,1,1,1,Lost
18428,17676.0,4,4,4,Loyal
18429,17676.0,4,4,4,Loyal
18474,17682.0,1,3,3,At Risk
18475,17683.0,5,5,5,High Value
18534,17699.0,5,5,5,High Value
18540,17700.0,1,3,3,At Risk
18549,17703.0,4,4,4,Loyal
18550,17703.0,4,4,4,Loyal
18556,17705.0,4,3,4,Potential
18557,17705.0,4,3,4,Potential
18558,17705.0,4,3,4,Potential
18564,17706.0,5,1,1,New
18565,17706.0,5,1,1,New
18578,17706.0,1,1,1,Lost
18579,17706.0,1,1,1,Lost
18585,17711.0,5,5,5,High Value
18587,17712.0,5,5,5,High Value
18590,17713.0,1,3,3,At Risk
18626,17720.0,4,4,4,Loyal
18632,17722.0,1,3,3,At Risk
18633,17722.0,1,3,3,At Risk
18634,17722.0,1,3,3,At Risk
18635,17722.0,1,3,3,At Risk
18680,17731.0,4,4,4,Loyal
18684,17732.0,5,5,5,High Value
18691,17735.0,5,1,1,New
18692,17735.0,5,1,1,New
18706,17735.0,1,1,1,Lost
18707,17735.0,1,1,1,Lost
18708,17735.0,1,1,1,Lost
18709,17736.0,5,5,5,High Value
18710,17736.0,5,5,5,High Value
18711,17736.0,5,5,5,High Value
18713,17737.0,5,5,5,High Value
18802,17760.0,5,5,5,High Value
18806,17764.0,4,4,4,Loyal
18807,17764.0,4,4,4,Loyal
18835,17774.0,4,3,4,Potential
18842,17777.0,4,3,4,Potential
18844,17779.0,4,4,4,Loyal
18862,17790.0,4,3,4,Potential
18873,17791.0,5,5,5,High Value
18894,17800.0,4,3,4,Potential
18895,17800.0,4,3,4,Potential
18902,17802.0,4,3,4,Potential
18920,17811.0,5,1,1,New
18921,17811.0,5,1,1,New
18922,17811.0,5,1,1,New
18923,17811.0,5,1,1,New
18924,17811.0,5,1,1,New
18925,17811.0,5,1,1,New
18926,17811.0,5,1,1,New
18927,17811.0,5,1,1,New
18951,17811.0,1,1,1,Lost
18952,17811.0,1,1,1,Lost
18953,17811.0,1,1,1,Lost
18954,17811.0,1,1,1,Lost
18955,17811.0,1,1,1,Lost
18956,17811.0,1,1,1,Lost
18957,17811.0,1,1,1,Lost
18958,17811.0,1,1,1,Lost
18959,17811.0,1,1,1,Lost
18969,17816.0,5,5,5,High Value
18973,17817.0,5,5,5,High Value
18984,17823.0,5,5,5,High Value
18993,17828.0,4,4,4,Loyal
18994,17828.0,4,4,4,Loyal
18999,17830.0,5,5,5,High Value
19002,17831.0,5,5,5,High Value
19011,17837.0,4,3,4,Potential
19012,17837.0,4,3,4,Potential
19013,17837.0,4,3,4,Potential
19014,17837.0,4,3,4,Potential
19024,17841.0,5,1,1,New
19025,17841.0,5,1,1,New
19026,17841.0,5,1,1,New
19027,17841.0,5,1,1,New
19028,17841.0,5,1,1,New
19029,17841.0,5,1,1,New
19030,17841.0,5,1,1,New
19031,17841.0,5,1,1,New
19032,17841.0,5,1,1,New
19033,17841.0,5,1,1,New
19034,17841.0,5,1,1,New
19035,17841.0,5,1,1,New
19036,17841.0,5,1,1,New
19037,17841.0,5,1,1,New
19038,17841.0,5,1,1,New
19039,17841.0,5,1,1,New
19040,17841.0,5,1,1,New
19041,17841.0,5,1,1,New
19042,17841.0,5,1,1,New
19043,17841.0,5,1,1,New
19117,17841.0,1,1,1,Lost
19118,17841.0,1,1,1,Lost
19119,17841.0,1,1,1,Lost
19120,17841.0,1,1,1,Lost
19121,17841.0,1,1,1,Lost
19122,17841.0,1,1,1,Lost
19123,17841.0,1,1,1,Lost
19124,17841.0,1,1,1,Lost
19125,17841.0,1,1,1,Lost
19126,17841.0,1,1,1,Lost
19127,17841.0,1,1,1,Lost
19128,17841.0,1,1,1,Lost
19129,17841.0,1,1,1,Lost
19130,17841.0,1,1,1,Lost
19131,17841.0,1,1,1,Lost
19132,17841.0,1,1,1,Lost
19133,17841.0,1,1,1,Lost
19134,17841.0,1,1,1,Lost
19135,17841.0,1,1,1,Lost
19136,17841.0,1,1,1,Lost
19137,17841.0,1,1,1,Lost
19158,17852.0,5,5,5,High Value
19220,17864.0,4,4,4,Loyal
19222,17865.0,5,1,1,New
19223,17865.0,5,1,1,New
19224,17865.0,5,1,1,New
19238,17865.0,1,1,1,Lost
19239,17865.0,1,1,1,Lost
19240,17865.0,1,1,1,Lost
19241,17865.0,1,1,1,Lost
19242,17865.0,1,1,1,Lost
19243,17865.0,1,1,1,Lost
19246,17867.0,4,4,4,Loyal
19316,17894.0,4,3,4,Potential
19317,17894.0,4,3,4,Potential
19318,17894.0,4,3,4,Potential
19325,17895.0,5,5,5,High Value
19327,17896.0,5,5,5,High Value
19347,17911.0,5,5,5,High Value
19378,17921.0,4,3,4,Potential
19393,17925.0,5,5,5,High Value
19399,17928.0,5,5,5,High Value
19401,17929.0,5,5,5,High Value
19441,17942.0,5,5,5,High Value
19444,17947.0,5,5,5,High Value
19568,17973.0,4,3,4,Potential
19588,17977.0,5,5,5,High Value
19597,17981.0,4,4,4,Loyal
19599,17985.0,5,5,5,High Value
19602,17988.0,5,5,5,High Value
19603,17988.0,5,5,5,High Value
19634,18006.0,5,5,5,High Value
19647,18014.0,5,5,5,High Value
19652,18016.0,1,3,3,At Risk
19653,18016.0,1,3,3,At Risk
19663,18030.0,5,5,5,High Value
19664,18030.0,5,5,5,High Value
19679,18040.0,5,5,5,High Value
19714,18044.0,1,3,3,At Risk
19715,18044.0,1,3,3,At Risk
19733,18058.0,5,5,5,High Value
19734,18059.0,5,5,5,High Value
19735,18059.0,5,5,5,High Value
19736,18059.0,5,5,5,High Value
19757,18065.0,1,3,3,At Risk
19758,18065.0,1,3,3,At Risk
19759,18065.0,1,3,3,At Risk
19761,18067.0,5,5,5,High Value
19791,18075.0,1,3,3,At Risk
19792,18075.0,1,3,3,At Risk
19793,18075.0,1,3,3,At Risk
19794,18075.0,1,3,3,At Risk
19795,18075.0,1,3,3,At Risk
19796,18075.0,1,3,3,At Risk
19815,18081.0,5,5,5,High Value
19819,18084.0,5,5,5,High Value
19858,18097.0,1,3,3,At Risk
19859,18097.0,1,3,3,At Risk
19861,18101.0,5,5,5,High Value
19863,18102.0,5,1,1,New
19864,18102.0,5,1,1,New
19865,18102.0,5,1,1,New
19866,18102.0,5,1,1,New
19886,18102.0,1,1,1,Lost
19887,18102.0,1,1,1,Lost
19888,18102.0,1,1,1,Lost
19890,18105.0,5,5,5,High Value
19894,18109.0,5,1,1,New
19895,18109.0,5,1,1,New
19896,18109.0,5,1,1,New
19897,18109.0,5,1,1,New
19914,18109.0,1,1,1,Lost
19915,18109.0,1,1,1,Lost
19916,18109.0,1,1,1,Lost
19917,18109.0,1,1,1,Lost
19918,18109.0,1,1,1,Lost
19919,18109.0,1,1,1,Lost
19921,18112.0,5,5,5,High Value
19984,18130.0,4,4,4,Loyal
19986,18135.0,5,5,5,High Value
19987,18135.0,5,5,5,High Value
19988,18135.0,5,5,5,High Value
20022,18147.0,5,5,5,High Value
20027,18150.0,5,5,5,High Value
20032,18154.0,5,5,5,High Value
20033,18154.0,5,5,5,High Value
20040,18158.0,5,5,5,High Value
20048,18161.0,4,4,4,Loyal
20052,18164.0,5,5,5,High Value
20053,18164.0,5,5,5,High Value
20070,18171.0,4,4,4,Loyal
20071,18171.0,4,4,4,Loyal
20099,18174.0,5,5,5,High Value
20108,18178.0,4,4,4,Loyal
20133,18184.0,5,5,5,High Value
20139,18189.0,4,4,4,Loyal
20152,18196.0,4,3,4,Potential
20183,18205.0,5,5,5,High Value
20185,18209.0,5,5,5,High Value
20192,18211.0,5,5,5,High Value
20193,18211.0,5,5,5,High Value
20200,18216.0,5,5,5,High Value
20220,18221.0,4,4,4,Loyal
20329,18236.0,4,4,4,Loyal
20335,18237.0,4,4,4,Loyal
20336,18237.0,4,4,4,Loyal
20369,18245.0,1,3,3,At Risk
20370,18245.0,1,3,3,At Risk
20371,18245.0,1,3,3,At Risk
20372,18246.0,5,5,5,High Value
20374,18248.0,4,4,4,Loyal
20375,18248.0,4,4,4,Loyal
20378,18249.0,5,5,5,High Value
20387,18257.0,4,3,4,Potential
20388,18257.0,4,3,4,Potential
20403,18260.0,1,3,3,At Risk
20404,18260.0,1,3,3,At Risk
20405,18260.0,1,3,3,At Risk
20406,18261.0,5,5,5,High Value
20418,18270.0,5,5,5,High Value
20428,18273.0,5,5,5,High Value
20431,18274.0,5,5,5,High Value
20432,18274.0,5,5,5,High Value
20433,18276.0,5,5,5,High Value
20434,18276.0,5,5,5,High Value
20440,18282.0,5,5,5,High Value
